<instance version="4" description="Imperial Age Archer" template="ebps">
	<list name="extensions">
		<template_reference name="exts" value="ebpextensions\entity_blueprint_ext" List.ItemID="-914024362" List.ParentItemID="-914024362">
			<bool name="browsable_in_editor" value="True" overrideParent="True" />
		</template_reference>
		<template_reference name="exts" value="ebpextensions\cost_ext" List.ItemID="1894599391" List.ParentItemID="1894599391">
			<group name="time_cost">
				<float name="time_seconds" value="5" overrideParent="True" />
			</group>
		</template_reference>
		<template_reference name="exts" value="ebpextensions\type_ext" List.ItemID="-1451740830" List.ParentItemID="-1451740830">
			<list name="race_type_list" overrideParent="True">
				<instance_reference name="race_type" value="racebps\abbasid" List.ItemID="232437340" />
			</list>
		</template_reference>
		<template_reference name="exts" value="ebpextensions\combat_ext" List.ItemID="1786737891" List.ParentItemID="1786737891">
			<list name="hardpoints">
				<group name="hardpoint" List.ItemID="-1929829615" List.ParentItemID="-1929829615">
					<list name="weapon_table" overrideParent="True">
						<group name="weapon" List.ItemID="2068753401">
							<group name="heading">
								<float name="x" value="0" />
								<float name="y" value="0" />
								<float name="z" value="0" />
							</group>
							<float name="length" value="0" />
							<group name="origin">
								<float name="x" value="0" />
								<float name="y" value="1.75" />
								<float name="z" value="1" />
							</group>
							<enum name="type" value="default" />
							<template_reference name="weapon_entity_attachment" value="" overrideParent="True">
							</template_reference>
							<template_reference name="non_entity_weapon_wrapper" value="non_entity_weapon_wrapper" overrideParent="True">
								<instance_reference name="non_entity_weapon_wrapper_pbg" value="weapon\races\common\ranged\weapon_archer_4" overrideParent="True" />
								<instance_reference name="animator_attachments" value="attachments\attachment_lists\races\abbasid\weapons\wpn_range_archer_4_abb" overrideParent="True" />
								<string name="marker_name_parent" value="MetaRig_LArmPalmSocket" overrideParent="True" />
							</template_reference>
						</group>
						<group name="weapon" List.ItemID="-673928652">
							<group name="heading">
								<float name="x" value="0" />
								<float name="y" value="0" />
								<float name="z" value="0" />
							</group>
							<float name="length" value="0" />
							<group name="origin">
								<float name="x" value="0" />
								<float name="y" value="1.75" />
								<float name="z" value="1" />
							</group>
							<enum name="type" value="default" />
							<template_reference name="weapon_entity_attachment" value="" overrideParent="True">
							</template_reference>
							<template_reference name="non_entity_weapon_wrapper" value="non_entity_weapon_wrapper" overrideParent="True">
								<instance_reference name="non_entity_weapon_wrapper_pbg" value="weapon\races\common\ranged\weapon_archer_incendiary_4" overrideParent="True" />
								<instance_reference name="animator_attachments" value="attachments\attachment_lists\races\abbasid\weapons\wpn_range_archer_4_abb" overrideParent="True" />
								<string name="marker_name_parent" value="MetaRig_LArmPalmSocket" overrideParent="True" />
							</template_reference>
						</group>
						<group name="weapon" List.ItemID="1973698550">
							<group name="heading">
								<float name="x" value="0" />
								<float name="y" value="0" />
								<float name="z" value="0" />
							</group>
							<float name="length" value="0" />
							<group name="origin">
								<float name="x" value="0" />
								<float name="y" value="1.75" />
								<float name="z" value="1" />
							</group>
							<enum name="type" value="default" />
							<template_reference name="weapon_entity_attachment" value="" overrideParent="True">
							</template_reference>
							<template_reference name="non_entity_weapon_wrapper" value="non_entity_weapon_wrapper" overrideParent="True">
								<instance_reference name="non_entity_weapon_wrapper_pbg" value="weapon\races\abbasid\ranged\weapon_archer_4_improved_abb" overrideParent="True" />
								<instance_reference name="animator_attachments" value="attachments\attachment_lists\races\abbasid\weapons\wpn_range_archer_improved_4_abb" overrideParent="True" />
								<string name="marker_name_parent" value="MetaRig_LArmPalmSocket" overrideParent="True" />
							</template_reference>
						</group>
						<group name="weapon" List.ItemID="-2024668154">
							<group name="heading">
								<float name="x" value="0" />
								<float name="y" value="0" />
								<float name="z" value="0" />
							</group>
							<float name="length" value="0" />
							<group name="origin">
								<float name="x" value="0.5" />
								<float name="y" value="1.5" />
								<float name="z" value="0" />
							</group>
							<enum name="type" value="default" />
							<template_reference name="weapon_entity_attachment" value="" overrideParent="True">
							</template_reference>
							<template_reference name="non_entity_weapon_wrapper" value="non_entity_weapon_wrapper" overrideParent="True">
								<instance_reference name="non_entity_weapon_wrapper_pbg" value="weapon\races\common\melee\weapon_archer_4_melee" overrideParent="True" />
								<instance_reference name="animator_attachments" value="attachments\attachment_lists\races\core\weapons\wpn_melee_archer_2_melee" overrideParent="True" />
								<string name="marker_name_parent" value="MetaRig_RArmPalmSocket" overrideParent="True" />
							</template_reference>
						</group>
					</list>
				</group>
			</list>
		</template_reference>
		<template_reference name="exts" value="ebpextensions\tier_ext" overrideParent="True" List.ItemID="-935732769" List.ParentItemID="-935732769">
			<list name="tier_group_list">
				<list name="tier_group" overrideParent="True" List.ItemID="185931769">
					<group name="tier" List.ItemID="1441079975">
						<list name="tier_requirements">
						</list>
						<instance_reference name="attachments" value="attachments\attachment_lists\civilizations\abbasid\units\tier4_archer_abb" overrideParent="True" />
						<template_reference name="statetree_tier_reached_actions" value="state_tree_reference_info">
							<state_tree_node name="ActionTree_OpeningBranch" value="archer_weapon_conversions_abb" overrideParent="True" />
							<bool name="start_suspended" value="False" />
						</template_reference>
						<instance_reference name="statetree_tier_requirements_pbg" value="" />
						<instance_reference name="statetree_tier_pgb_upgrade_target_entity" value="" />
						<instance_reference name="statetree_tier_pgb_upgrade_target_squad" value="" />
						<string name="tier_attachment_action" value="" />
						<template_reference name="blueprint_conversion_parameters" value="blueprint_conversion_parameters">
							<bool name="reissue_commands" value="False" />
							<bool name="continue_state_trees" value="True" overrideParent="True" />
							<bool name="remove_from_pending_deaths" value="False" />
						</template_reference>
						<string name="inventory_category_to_refresh_on_tier_up" value="" />
					</group>
				</list>
			</list>
		</template_reference>
	</list>
	<uniqueid name="pbgid" value="199652" />
	<instance_reference name="parent_pbg" value="ebps\races\core\units\unit_archer_4" />
</instance>