<instance version="4" description="Imperial Age Horseman" template="ebps">
	<list name="extensions">
		<template_reference name="exts" value="ebpextensions\tier_ext" overrideParent="True" List.ItemID="1672650537" List.ParentItemID="1672650537">
			<list name="tier_group_list">
				<list name="tier_group" overrideParent="True" List.ItemID="193749558">
					<group name="tier" List.ItemID="1074748958">
						<list name="tier_requirements" overrideParent="True">
						</list>
						<instance_reference name="attachments" value="attachments\attachment_lists\civilizations\abbasid\units\tier4_cavalry_camel_archer_abb" overrideParent="True" />
						<template_reference name="statetree_tier_reached_actions" value="state_tree_reference_info">
							<state_tree_node name="ActionTree_OpeningBranch" value="armored_camel_convert" overrideParent="True" />
							<bool name="start_suspended" value="False" />
						</template_reference>
						<instance_reference name="statetree_tier_requirements_pbg" value="" />
						<instance_reference name="statetree_tier_pgb_upgrade_target_entity" value="" />
						<instance_reference name="statetree_tier_pgb_upgrade_target_squad" value="" />
						<string name="tier_attachment_action" value="" />
						<template_reference name="blueprint_conversion_parameters" value="blueprint_conversion_parameters">
							<bool name="reissue_commands" value="False" />
							<bool name="continue_state_trees" value="True" overrideParent="True" />
							<bool name="remove_from_pending_deaths" value="False" />
						</template_reference>
						<string name="inventory_category_to_refresh_on_tier_up" value="" />
					</group>
				</list>
			</list>
		</template_reference>
		<template_reference name="exts" value="ebpextensions\ability_ext" overrideParent="True" List.ItemID="-646768951" List.ParentItemID="-646768951">
			<list name="abilities" overrideParent="True">
				<instance_reference name="ability" value="abilities\always_on_abilities\abbasid\camel_support_aura_abb" List.ItemID="1651428722" />
				<instance_reference name="ability" value="abilities\always_on_abilities\abbasid\mamluke_anti_cavalry_aura_abb" List.ItemID="-257949105" />
			</list>
		</template_reference>
		<template_reference name="exts" value="ebpextensions\action_apply_ext" List.ItemID="-1196515905" List.ParentItemID="-1196515905">
			<list name="action_state_trees">
				<group name="container" List.ItemID="1417114492" List.ParentItemID="1417114492">
					<string name="state_tree" value="unit_action_apply\units\camel" overrideParent="True" />
				</group>
				<group name="container" List.ItemID="-876997850" List.ParentItemID="-876997850">
					<string name="state_tree" value="unit_action_apply\units\camel\audio\abb\camel_ranged_4" overrideParent="True" />
				</group>
			</list>
		</template_reference>
		<template_reference name="exts" value="ebpextensions\cost_ext" List.ItemID="1105799735" List.ParentItemID="1105799735">
			<group name="time_cost">
				<enum_table name="cost">
					<float name="food" value="180" overrideParent="True" />
					<float name="wood" value="60" overrideParent="True" />
					<float name="gold" value="0" overrideParent="True" />
				</enum_table>
				<float name="time_seconds" value="12" overrideParent="True" />
			</group>
		</template_reference>
		<template_reference name="exts" value="ebpextensions\health_ext" List.ItemID="-727417239" List.ParentItemID="-727417239">
			<float name="hitpoints" value="250" overrideParent="True" />
			<enum_table name="armor_scaler_by_damage_type">
				<float name="Melee" value="0" overrideParent="True" />
				<float name="Ranged" value="0" overrideParent="True" />
			</enum_table>
		</template_reference>
		<template_reference name="exts" value="ebpextensions\type_ext" List.ItemID="-451681730" List.ParentItemID="-451681730">
			<list name="race_type_list" overrideParent="True">
				<instance_reference name="race_type" value="racebps\abbasid" List.ItemID="-1647103042" />
			</list>
		</template_reference>
		<template_reference name="exts" value="ebpextensions\moving_ext" List.ItemID="2042384115" List.ParentItemID="2042384115">
			<instance_reference name="navigation_agent_info" value="navigation\agent_info\default_elephant" overrideParent="True" />
		</template_reference>
		<template_reference name="exts" value="ebpextensions\speech_ext" List.ItemID="-2068802280" List.ParentItemID="-2068802280">
			<string name="speaker_code" value="camelArcher" overrideParent="True" />
		</template_reference>
		<template_reference name="exts" value="ebpextensions\combat_ext" List.ItemID="-501808581" List.ParentItemID="-501808581">
			<list name="hardpoints">
				<group name="hardpoint" List.ItemID="603242054" List.ParentItemID="603242054">
					<list name="weapon_table" overrideParent="True">
						<group name="weapon" List.ItemID="1832074546">
							<group name="heading">
								<float name="x" value="0" />
								<float name="y" value="0" />
								<float name="z" value="0" />
							</group>
							<float name="length" value="0" />
							<group name="origin">
								<float name="x" value="0" />
								<float name="y" value="3.5" />
								<float name="z" value="1.5" />
							</group>
							<enum name="type" value="default" />
							<template_reference name="weapon_entity_attachment" value="" overrideParent="True">
							</template_reference>
							<template_reference name="non_entity_weapon_wrapper" value="non_entity_weapon_wrapper" overrideParent="True">
								<instance_reference name="non_entity_weapon_wrapper_pbg" value="weapon\races\abbasid\ranged\weapon_camel_archer_4_abb" overrideParent="True" />
								<instance_reference name="animator_attachments" value="attachments\attachment_lists\races\abbasid\weapons\wpn_range_camel_archer_4_abb" overrideParent="True" />
								<string name="marker_name_parent" value="metarig_larmpalmsocket" overrideParent="True" />
							</template_reference>
						</group>
						<group name="weapon" List.ItemID="-289741474">
							<group name="heading">
								<float name="x" value="0" />
								<float name="y" value="0" />
								<float name="z" value="1" />
							</group>
							<float name="length" value="0" />
							<group name="origin" overrideParent="True">
								<float name="x" value="0" />
								<float name="y" value="3.5" />
								<float name="z" value="1.5" />
							</group>
							<enum name="type" value="default" />
							<template_reference name="weapon_entity_attachment" value="" overrideParent="True">
							</template_reference>
							<template_reference name="non_entity_weapon_wrapper" value="non_entity_weapon_wrapper" overrideParent="True">
								<instance_reference name="non_entity_weapon_wrapper_pbg" value="weapon\races\abbasid\ranged\weapon_camel_archer_incendiary_4" overrideParent="True" />
								<instance_reference name="animator_attachments" value="attachments\attachment_lists\races\abbasid\weapons\wpn_range_camel_archer_4_abb" overrideParent="True" />
								<string name="marker_name_parent" value="metarig_larmpalmsocket" overrideParent="True" />
							</template_reference>
						</group>
						<group name="weapon" List.ItemID="241939534">
							<group name="heading">
								<float name="x" value="0" />
								<float name="y" value="0" />
								<float name="z" value="0" />
							</group>
							<float name="length" value="0" />
							<group name="origin">
								<float name="x" value="0" />
								<float name="y" value="0.5" />
								<float name="z" value="0" />
							</group>
							<enum name="type" value="default" />
							<template_reference name="weapon_entity_attachment" value="" overrideParent="True">
							</template_reference>
							<template_reference name="non_entity_weapon_wrapper" value="non_entity_weapon_wrapper" overrideParent="True">
								<instance_reference name="non_entity_weapon_wrapper_pbg" value="weapon\races\abbasid\melee\weapon_camel_archer_melee_abb" overrideParent="True" />
								<instance_reference name="animator_attachments" value="attachments\attachment_lists\races\abbasid\weapons\wpn_melee_camel_archer_melee_abb" overrideParent="True" />
								<string name="marker_name_parent" value="metarig_rarmpalmsocket" overrideParent="True" />
							</template_reference>
						</group>
					</list>
				</group>
			</list>
		</template_reference>
	</list>
	<uniqueid name="pbgid" value="199998" />
	<instance_reference name="parent_pbg" value="ebps\races\core\units\unit_camel_archer_2" />
</instance>