<instance version="4" description="Imperial Age Knight" template="ebps">
	<list name="extensions">
		<template_reference name="exts" value="ebpextensions\cost_ext" List.ItemID="-919563761" List.ParentItemID="-919563761">
			<group name="time_cost">
				<float name="time_seconds" value="12" overrideParent="True" />
			</group>
		</template_reference>
		<template_reference name="exts" value="ebpextensions\type_ext" List.ItemID="-1786016482" List.ParentItemID="-1786016482">
			<list name="race_type_list" overrideParent="True">
				<instance_reference name="race_type" value="racebps\abbasid" List.ItemID="1725139170" />
			</list>
		</template_reference>
		<template_reference name="exts" value="ebpextensions\tier_ext" overrideParent="True" List.ItemID="1078428342" List.ParentItemID="1078428342">
			<list name="tier_group_list">
				<list name="tier_group" overrideParent="True" List.ItemID="-234478121">
					<group name="tier" List.ItemID="-267295610">
						<list name="tier_requirements" overrideParent="True">
						</list>
						<instance_reference name="attachments" value="attachments\attachment_lists\civilizations\abbasid\units\tier4_cavalry_knight_abb" overrideParent="True" />
						<template_reference name="statetree_tier_reached_actions" value="state_tree_reference_info">
							<state_tree_node name="ActionTree_OpeningBranch" value="tier_unit_exposure_dca" overrideParent="True" />
							<bool name="start_suspended" value="False" />
						</template_reference>
						<instance_reference name="statetree_tier_requirements_pbg" value="" />
						<instance_reference name="statetree_tier_pgb_upgrade_target_entity" value="" />
						<instance_reference name="statetree_tier_pgb_upgrade_target_squad" value="" />
						<string name="tier_attachment_action" value="" />
						<template_reference name="blueprint_conversion_parameters" value="blueprint_conversion_parameters">
							<bool name="reissue_commands" value="False" />
							<bool name="continue_state_trees" value="True" overrideParent="True" />
							<bool name="remove_from_pending_deaths" value="False" />
						</template_reference>
						<string name="inventory_category_to_refresh_on_tier_up" value="" />
					</group>
				</list>
			</list>
		</template_reference>
		<template_reference name="exts" value="ebpextensions\combat_ext" List.ItemID="1762200638" List.ParentItemID="1762200638">
			<list name="hardpoints">
				<group name="hardpoint" List.ItemID="1534383478" List.ParentItemID="1534383478">
					<list name="weapon_table">
						<group name="weapon" List.ItemID="-1605222392" List.ParentItemID="-1605222392">
							<template_reference name="weapon_entity_attachment" value="" overrideParent="True">
							</template_reference>
							<template_reference name="non_entity_weapon_wrapper" value="non_entity_weapon_wrapper" overrideParent="True">
								<instance_reference name="non_entity_weapon_wrapper_pbg" value="weapon\races\common\melee\weapon_knight_4" overrideParent="True" />
								<instance_reference name="animator_attachments" value="attachments\attachment_lists\races\abbasid\weapons\wpn_melee_knight_4_abb" overrideParent="True" />
								<string name="marker_name_parent" value="metarig_rarmpalmsocket" overrideParent="True" />
							</template_reference>
						</group>
						<group name="weapon" List.ItemID="-815746252" List.ParentItemID="-815746252">
							<template_reference name="weapon_entity_attachment" value="" overrideParent="True">
							</template_reference>
							<template_reference name="non_entity_weapon_wrapper" value="non_entity_weapon_wrapper" overrideParent="True">
								<instance_reference name="non_entity_weapon_wrapper_pbg" value="weapon\races\common\ranged\weapon_torch_horseman" overrideParent="True" />
								<instance_reference name="animator_attachments" value="attachments\attachment_lists\races\core\weapons\wpn_siege_torch" overrideParent="True" />
								<string name="marker_name_parent" value="metarig_rarmpalmsocket" overrideParent="True" />
							</template_reference>
						</group>
						<group name="weapon" List.ItemID="1064922397" List.ParentItemID="1064922397">
							<template_reference name="weapon_entity_attachment" value="" overrideParent="True">
							</template_reference>
							<template_reference name="non_entity_weapon_wrapper" value="non_entity_weapon_wrapper" overrideParent="True">
								<instance_reference name="non_entity_weapon_wrapper_pbg" value="weapon\races\common\melee\weapon_knight_4_charge" overrideParent="True" />
								<instance_reference name="animator_attachments" value="attachments\attachment_lists\races\abbasid\weapons\wpn_melee_knight_4_charge_abb" overrideParent="True" />
								<string name="marker_name_parent" value="metarig_rarmpalmsocket" overrideParent="True" />
							</template_reference>
						</group>
					</list>
				</group>
			</list>
		</template_reference>
	</list>
	<uniqueid name="pbgid" value="199668" />
	<instance_reference name="parent_pbg" value="ebps\races\core\units\unit_knight_4" />
</instance>