<instance version="4" description="" template="ebps">
	<list name="extensions">
		<template_reference name="exts" value="ebpextensions\cost_ext" List.ItemID="610055753" List.ParentItemID="610055753">
			<group name="time_cost">
				<float name="time_seconds" value="5" overrideParent="True" />
			</group>
		</template_reference>
		<template_reference name="exts" value="ebpextensions\type_ext" List.ItemID="1344262557" List.ParentItemID="1344262557">
			<list name="race_type_list" overrideParent="True">
				<instance_reference name="race_type" value="racebps\abbasid" List.ItemID="-511510115" />
			</list>
		</template_reference>
		<template_reference name="exts" value="ebpextensions\combat_ext" List.ItemID="113064770" List.ParentItemID="113064770">
			<list name="hardpoints">
				<group name="hardpoint" List.ItemID="1772179079" List.ParentItemID="1772179079">
					<list name="weapon_table">
						<group name="weapon" List.ItemID="1188114953" List.ParentItemID="1188114953">
							<template_reference name="weapon_entity_attachment" value="" overrideParent="True">
							</template_reference>
							<template_reference name="non_entity_weapon_wrapper" value="non_entity_weapon_wrapper" overrideParent="True">
								<instance_reference name="non_entity_weapon_wrapper_pbg" value="weapon\races\common\melee\weapon_spearman_4" overrideParent="True" />
								<instance_reference name="animator_attachments" value="attachments\attachment_lists\races\abbasid\weapons\wpn_melee_spearman_4_abb" overrideParent="True" />
								<string name="marker_name_parent" value="MetaRig_RArmPalmSocket" overrideParent="True" />
							</template_reference>
						</group>
						<group name="weapon" List.ItemID="1383023241" List.ParentItemID="1383023241">
							<template_reference name="weapon_entity_attachment" value="" overrideParent="True">
							</template_reference>
							<template_reference name="non_entity_weapon_wrapper" value="non_entity_weapon_wrapper" overrideParent="True">
								<instance_reference name="non_entity_weapon_wrapper_pbg" value="weapon\races\common\ranged\weapon_torch" overrideParent="True" />
								<instance_reference name="animator_attachments" value="attachments\attachment_lists\races\core\weapons\wpn_siege_torch" overrideParent="True" />
								<string name="marker_name_parent" value="MetaRig_RArmPalmSocket" overrideParent="True" />
							</template_reference>
						</group>
						<group name="weapon" List.ItemID="-1078216168" List.ParentItemID="-1078216168">
							<template_reference name="weapon_entity_attachment" value="" overrideParent="True">
							</template_reference>
							<template_reference name="non_entity_weapon_wrapper" value="non_entity_weapon_wrapper" overrideParent="True">
								<instance_reference name="non_entity_weapon_wrapper_pbg" value="weapon\races\common\melee\weapon_spearwall_4" overrideParent="True" />
								<instance_reference name="animator_attachments" value="attachments\attachment_lists\races\abbasid\weapons\wpn_melee_spearwall_4_abb" overrideParent="True" />
								<string name="marker_name_parent" value="MetaRig_RArmPalmSocket" overrideParent="True" />
							</template_reference>
						</group>
						<group name="weapon" List.ItemID="-1768759685" List.ParentItemID="-1768759685">
							<template_reference name="weapon_entity_attachment" value="" overrideParent="True">
							</template_reference>
							<template_reference name="non_entity_weapon_wrapper" value="non_entity_weapon_wrapper" overrideParent="True">
								<instance_reference name="non_entity_weapon_wrapper_pbg" value="weapon\races\common\melee\weapon_spearman_4_charge" overrideParent="True" />
								<instance_reference name="animator_attachments" value="attachments\attachment_lists\races\abbasid\weapons\wpn_melee_spearman_4_charge_abb" overrideParent="True" />
								<string name="marker_name_parent" value="MetaRig_RArmPalmSocket" overrideParent="True" />
							</template_reference>
						</group>
					</list>
				</group>
			</list>
		</template_reference>
		<template_reference name="exts" value="ebpextensions\tier_ext" List.ItemID="-340937321" List.ListAction="Append">
			<list name="tier_group_list">
				<list name="tier_group" overrideParent="True" List.ItemID="1287341915">
					<group name="tier" List.ItemID="-1473847986">
						<list name="tier_requirements">
						</list>
						<instance_reference name="attachments" value="attachments\attachment_lists\civilizations\abbasid\units\tier4_spearman_abb" />
						<template_reference name="statetree_tier_reached_actions" value="state_tree_reference_info">
							<state_tree_node name="ActionTree_OpeningBranch" value="tier_unit_exposure_dca" />
							<bool name="start_suspended" value="False" />
						</template_reference>
						<instance_reference name="statetree_tier_requirements_pbg" value="" overrideParent="True" />
						<instance_reference name="statetree_tier_pgb_upgrade_target_entity" value="" overrideParent="True" />
						<instance_reference name="statetree_tier_pgb_upgrade_target_squad" value="" overrideParent="True" />
						<string name="tier_attachment_action" value="" />
						<template_reference name="blueprint_conversion_parameters" value="blueprint_conversion_parameters">
							<bool name="reissue_commands" value="False" />
							<bool name="continue_state_trees" value="True" overrideParent="True" />
							<bool name="remove_from_pending_deaths" value="False" />
						</template_reference>
						<string name="inventory_category_to_refresh_on_tier_up" value="" />
					</group>
				</list>
			</list>
		</template_reference>
	</list>
	<uniqueid name="pbgid" value="199689" />
	<instance_reference name="parent_pbg" value="ebps\races\core\units\unit_spearman_4" />
</instance>