<instance version="4" description="Mongol castle age archer" template="ebps">
	<list name="extensions">
		<template_reference name="exts" value="ebpextensions\entity_blueprint_ext" List.ItemID="-914024362" List.ParentItemID="-914024362">
			<bool name="browsable_in_editor" value="True" overrideParent="True" />
		</template_reference>
		<template_reference name="exts" value="ebpextensions\action_apply_ext" List.ItemID="729861296" List.ParentItemID="729861296">
			<list name="action_state_trees">
				<group name="container" List.ItemID="727788669" List.ParentItemID="727788669">
					<string name="state_tree" value="unit_action_apply\units\archer\audio\mon\4" overrideParent="True" />
				</group>
			</list>
		</template_reference>
		<template_reference name="exts" value="ebpextensions\cost_ext" List.ItemID="1894599391" List.ParentItemID="1894599391">
			<group name="time_cost">
				<float name="time_seconds" value="5" overrideParent="True" />
			</group>
		</template_reference>
		<template_reference name="exts" value="ebpextensions\type_ext" List.ItemID="-1451740830" List.ParentItemID="-1451740830">
			<list name="unit_type_list" overrideParent="True">
				<enum name="unit_type" value="military" List.ItemID="1988957963" />
				<enum name="unit_type" value="archer" List.ItemID="1397623232" />
				<enum name="unit_type" value="human" List.ItemID="-1685732020" />
				<enum name="unit_type" value="infantry" List.ItemID="-1011820630" />
				<enum name="unit_type" value="ranged" List.ItemID="1360647238" />
				<enum name="unit_type" value="formational" List.ItemID="-189185216" />
				<enum name="unit_type" value="annihilation_condition" List.ItemID="414447326" />
				<enum name="unit_type" value="archer_incendiary_age_4" List.ItemID="642035725" />
			</list>
			<list name="race_type_list" overrideParent="True">
				<instance_reference name="race_type" value="racebps\mongol" List.ItemID="1898048676" />
			</list>
		</template_reference>
		<template_reference name="exts" value="ebpextensions\combat_ext" List.ItemID="1786737891" List.ParentItemID="1786737891">
			<list name="hardpoints">
				<group name="hardpoint" List.ItemID="-1929829615" List.ParentItemID="-1929829615">
					<list name="weapon_table">
						<group name="weapon" List.ItemID="-144865546" List.ParentItemID="-144865546">
							<template_reference name="weapon_entity_attachment" value="" overrideParent="True">
							</template_reference>
							<template_reference name="non_entity_weapon_wrapper" value="non_entity_weapon_wrapper" overrideParent="True">
								<instance_reference name="non_entity_weapon_wrapper_pbg" value="weapon\races\mongol\ranged\weapon_archer_4_mon" overrideParent="True" />
								<instance_reference name="animator_attachments" value="attachments\attachment_lists\races\mongol\weapons\wpn_range_archer_4_mon" overrideParent="True" />
								<string name="marker_name_parent" value="MetaRig_LArmPalmSocket" overrideParent="True" />
							</template_reference>
						</group>
						<group name="weapon" List.ItemID="-395659085" List.ParentItemID="-395659085">
							<template_reference name="weapon_entity_attachment" value="" overrideParent="True">
							</template_reference>
							<template_reference name="non_entity_weapon_wrapper" value="non_entity_weapon_wrapper" overrideParent="True">
								<instance_reference name="non_entity_weapon_wrapper_pbg" value="weapon\races\common\ranged\weapon_archer_incendiary_4" overrideParent="True" />
								<instance_reference name="animator_attachments" value="attachments\attachment_lists\races\mongol\weapons\wpn_range_archer_4_mon" overrideParent="True" />
								<string name="marker_name_parent" value="MetaRig_LArmPalmSocket" overrideParent="True" />
							</template_reference>
						</group>
					</list>
				</group>
			</list>
		</template_reference>
		<template_reference name="exts" value="ebpextensions\tier_ext" List.ItemID="-935732769" List.ParentItemID="-935732769">
			<list name="tier_group_list" overrideParent="True">
				<list name="tier_group" overrideParent="True" List.ItemID="1165243095">
					<group name="tier" List.ItemID="1954653424">
						<list name="tier_requirements" overrideParent="True">
						</list>
						<instance_reference name="attachments" value="attachments\attachment_lists\civilizations\mongol\units\tier4_archer_mon" />
						<template_reference name="statetree_tier_reached_actions" value="state_tree_reference_info">
							<state_tree_node name="ActionTree_OpeningBranch" value="tier_unit_exposure_dca" overrideParent="True" />
							<bool name="start_suspended" value="False" />
						</template_reference>
						<instance_reference name="statetree_tier_requirements_pbg" value="" />
						<instance_reference name="statetree_tier_pgb_upgrade_target_entity" value="" />
						<instance_reference name="statetree_tier_pgb_upgrade_target_squad" value="sbps\races\mongol\unit_archer_4_mon" overrideParent="True" />
						<string name="tier_attachment_action" value="" />
						<template_reference name="blueprint_conversion_parameters" value="blueprint_conversion_parameters">
							<bool name="reissue_commands" value="False" />
							<bool name="continue_state_trees" value="True" />
							<bool name="remove_from_pending_deaths" value="False" />
						</template_reference>
						<string name="inventory_category_to_refresh_on_tier_up" value="" />
					</group>
				</list>
			</list>
		</template_reference>
		<template_reference name="exts" value="ebpextensions\upgrade_ext" List.ItemID="-932625061" List.ListAction="Append">
			<bool name="must_be_in_supply" value="False" />
			<float name="number_of_standard_slots" value="-1" />
			<list name="standard_upgrades">
			</list>
			<int name="max_queue_size_override" value="-1" />
			<state_tree_node name="production_item_completed_openingbranch" value="" />
		</template_reference>
	</list>
	<uniqueid name="pbgid" value="136269" />
	<instance_reference name="parent_pbg" value="ebps\races\core\units\unit_archer_4" />
</instance>