<instance version="4" description="Mongol castle age man-at-arms" template="ebps">
	<list name="extensions">
		<template_reference name="exts" value="ebpextensions\entity_blueprint_ext" List.ItemID="-765163162" List.ParentItemID="-765163162">
			<instance_reference name="animator_attachments" value="attachments\attachment_lists\races\core\units\unit_swordshield" overrideParent="True" />
			<bool name="browsable_in_editor" value="True" overrideParent="True" />
		</template_reference>
		<template_reference name="exts" value="ebpextensions\action_apply_ext" List.ItemID="-1466211397" List.ParentItemID="-1466211397">
			<list name="action_state_trees">
				<group name="container" List.ItemID="230139408" List.ParentItemID="230139408">
					<string name="state_tree" value="unit_action_apply\units\manatarms\audio\mon\4" overrideParent="True" />
				</group>
			</list>
		</template_reference>
		<template_reference name="exts" value="ebpextensions\cost_ext" List.ItemID="1978222223" List.ParentItemID="1978222223">
			<group name="time_cost">
				<float name="time_seconds" value="7" overrideParent="True" />
			</group>
		</template_reference>
		<template_reference name="exts" value="ebpextensions\type_ext" List.ItemID="-782585427" List.ParentItemID="-782585427">
			<list name="race_type_list" overrideParent="True">
				<instance_reference name="race_type" value="racebps\mongol" List.ItemID="1393978126" />
			</list>
		</template_reference>
		<template_reference name="exts" value="ebpextensions\combat_ext" List.ItemID="1697644820" List.ParentItemID="1697644820">
			<list name="hardpoints">
				<group name="hardpoint" List.ItemID="1781403471" List.ParentItemID="1781403471">
					<list name="weapon_table">
						<group name="weapon" List.ItemID="-955194656" List.ParentItemID="-955194656">
							<template_reference name="weapon_entity_attachment" value="" overrideParent="True">
							</template_reference>
							<template_reference name="non_entity_weapon_wrapper" value="non_entity_weapon_wrapper" overrideParent="True">
								<instance_reference name="non_entity_weapon_wrapper_pbg" value="weapon\races\mongol\melee\weapon_manatarms_mon_4" overrideParent="True" />
								<instance_reference name="animator_attachments" value="attachments\attachment_lists\races\mongol\weapons\wpn_melee_manatarms_4_mon" overrideParent="True" />
								<string name="marker_name_parent" value="MetaRig_RArmPalmSocket" overrideParent="True" />
							</template_reference>
						</group>
						<group name="weapon" List.ItemID="-471332549" List.ParentItemID="-471332549">
							<template_reference name="weapon_entity_attachment" value="" overrideParent="True">
							</template_reference>
							<template_reference name="non_entity_weapon_wrapper" value="non_entity_weapon_wrapper" overrideParent="True">
								<instance_reference name="non_entity_weapon_wrapper_pbg" value="weapon\races\mongol\ranged\weapon_torch_mon" overrideParent="True" />
								<instance_reference name="animator_attachments" value="attachments\attachment_lists\races\mongol\weapons\wpn_siege_torch_mon" overrideParent="True" />
								<string name="marker_name_parent" value="MetaRig_RArmPalmSocket" overrideParent="True" />
							</template_reference>
						</group>
						<group name="weapon" List.ItemID="667584923" List.ParentItemID="667584923">
							<template_reference name="weapon_entity_attachment" value="" overrideParent="True">
							</template_reference>
							<template_reference name="non_entity_weapon_wrapper" value="non_entity_weapon_wrapper" overrideParent="True">
								<instance_reference name="non_entity_weapon_wrapper_pbg" value="weapon\races\common\melee\weapon_manatarms_4_charge" overrideParent="True" />
								<instance_reference name="animator_attachments" value="attachments\attachment_lists\races\mongol\weapons\wpn_melee_manatarms_4_charge_mon" overrideParent="True" />
								<string name="marker_name_parent" value="MetaRig_RArmPalmSocket" overrideParent="True" />
							</template_reference>
						</group>
					</list>
				</group>
			</list>
		</template_reference>
		<template_reference name="exts" value="ebpextensions\tier_ext" List.ItemID="1590686263" List.ParentItemID="1590686263">
			<list name="tier_group_list" overrideParent="True">
				<list name="tier_group" overrideParent="True" List.ItemID="910853043">
					<group name="tier" List.ItemID="-1784382408">
						<list name="tier_requirements">
						</list>
						<instance_reference name="attachments" value="attachments\attachment_lists\civilizations\mongol\units\tier4_manatarms_mon" />
						<template_reference name="statetree_tier_reached_actions" value="state_tree_reference_info">
							<state_tree_node name="ActionTree_OpeningBranch" value="tier_unit_exposure_dca" overrideParent="True" />
							<bool name="start_suspended" value="False" />
						</template_reference>
						<instance_reference name="statetree_tier_requirements_pbg" value="" />
						<instance_reference name="statetree_tier_pgb_upgrade_target_entity" value="" />
						<instance_reference name="statetree_tier_pgb_upgrade_target_squad" value="sbps\races\mongol\unit_manatarms_4_mon" overrideParent="True" />
						<string name="tier_attachment_action" value="" />
						<template_reference name="blueprint_conversion_parameters" value="blueprint_conversion_parameters">
							<bool name="reissue_commands" value="False" />
							<bool name="continue_state_trees" value="True" />
							<bool name="remove_from_pending_deaths" value="False" />
						</template_reference>
						<string name="inventory_category_to_refresh_on_tier_up" value="" />
					</group>
				</list>
			</list>
		</template_reference>
		<template_reference name="exts" value="ebpextensions\upgrade_ext" List.ItemID="1115433304" List.ListAction="Append">
			<bool name="must_be_in_supply" value="False" />
			<float name="number_of_standard_slots" value="-1" />
			<list name="standard_upgrades">
			</list>
			<int name="max_queue_size_override" value="-1" />
			<state_tree_node name="production_item_completed_openingbranch" value="" />
		</template_reference>
	</list>
	<uniqueid name="pbgid" value="136314" />
	<instance_reference name="parent_pbg" value="ebps\races\core\units\unit_manatarms_4" />
</instance>