<instance version="4" description="Mongol castle age knight" template="ebps">
	<list name="extensions">
		<template_reference name="exts" value="ebpextensions\entity_blueprint_ext" List.ItemID="1356892678" List.ParentItemID="1356892678">
			<bool name="browsable_in_editor" value="True" overrideParent="True" />
		</template_reference>
		<template_reference name="exts" value="ebpextensions\action_apply_ext" List.ItemID="-12513399" List.ParentItemID="-12513399">
			<list name="action_state_trees">
				<group name="container" List.ItemID="2022080988" List.ParentItemID="2022080988">
					<string name="state_tree" value="unit_action_apply\units\knight\audio\mon\4" overrideParent="True" />
				</group>
			</list>
		</template_reference>
		<template_reference name="exts" value="ebpextensions\cost_ext" List.ItemID="-919563761" List.ParentItemID="-919563761">
			<group name="time_cost">
				<float name="time_seconds" value="12" overrideParent="True" />
			</group>
		</template_reference>
		<template_reference name="exts" value="ebpextensions\health_ext" comment="Horse and rider entities require identical health_ext values. Keep them in sync." List.ItemID="-788422057" List.ParentItemID="-788422057">
		</template_reference>
		<template_reference name="exts" value="ebpextensions\type_ext" List.ItemID="-1786016482" List.ParentItemID="-1786016482">
			<list name="race_type_list" overrideParent="True">
				<instance_reference name="race_type" value="racebps\mongol" List.ItemID="-1915538354" />
			</list>
		</template_reference>
		<template_reference name="exts" value="ebpextensions\tier_ext" List.ItemID="1078428342" List.ParentItemID="1078428342">
			<list name="tier_group_list" overrideParent="True">
				<list name="tier_group" overrideParent="True" List.ItemID="474757400">
					<group name="tier" List.ItemID="-1558263219">
						<list name="tier_requirements" overrideParent="True">
						</list>
						<instance_reference name="attachments" value="attachments\attachment_lists\civilizations\mongol\units\tier4_cavalry_knight_mon" />
						<template_reference name="statetree_tier_reached_actions" value="state_tree_reference_info">
							<state_tree_node name="ActionTree_OpeningBranch" value="tier_unit_exposure_dca" overrideParent="True" />
							<bool name="start_suspended" value="False" />
						</template_reference>
						<instance_reference name="statetree_tier_requirements_pbg" value="" />
						<instance_reference name="statetree_tier_pgb_upgrade_target_entity" value="" />
						<instance_reference name="statetree_tier_pgb_upgrade_target_squad" value="sbps\races\mongol\unit_knight_4_mon" overrideParent="True" />
						<string name="tier_attachment_action" value="" />
						<template_reference name="blueprint_conversion_parameters" value="blueprint_conversion_parameters">
							<bool name="reissue_commands" value="False" />
							<bool name="continue_state_trees" value="True" />
							<bool name="remove_from_pending_deaths" value="False" />
						</template_reference>
						<string name="inventory_category_to_refresh_on_tier_up" value="" />
					</group>
				</list>
			</list>
		</template_reference>
		<template_reference name="exts" value="ebpextensions\combat_ext" comment="Horse and rider entities require identical combat_ext values. Keep them in sync." List.ItemID="1762200638" List.ParentItemID="1762200638">
			<list name="hardpoints">
				<group name="hardpoint" List.ItemID="1534383478" List.ParentItemID="1534383478">
					<list name="weapon_table">
						<group name="weapon" List.ItemID="-1605222392" List.ParentItemID="-1605222392">
							<template_reference name="weapon_entity_attachment" value="" overrideParent="True">
							</template_reference>
							<template_reference name="non_entity_weapon_wrapper" value="non_entity_weapon_wrapper" overrideParent="True">
								<instance_reference name="non_entity_weapon_wrapper_pbg" value="weapon\races\common\melee\weapon_knight_4" overrideParent="True" />
								<instance_reference name="animator_attachments" value="attachments\attachment_lists\races\core\weapons\wpn_melee_knight_4" overrideParent="True" />
								<string name="marker_name_parent" value="metarig_rarmpalmsocket" overrideParent="True" />
							</template_reference>
						</group>
						<group name="weapon" List.ItemID="-815746252" List.ParentItemID="-815746252">
							<template_reference name="weapon_entity_attachment" value="" overrideParent="True">
							</template_reference>
							<template_reference name="non_entity_weapon_wrapper" value="non_entity_weapon_wrapper" overrideParent="True">
								<instance_reference name="non_entity_weapon_wrapper_pbg" value="weapon\races\mongol\ranged\weapon_torch_horseman_mon" overrideParent="True" />
								<instance_reference name="animator_attachments" value="attachments\attachment_lists\races\core\weapons\wpn_siege_torch" overrideParent="True" />
								<string name="marker_name_parent" value="metarig_rarmpalmsocket" overrideParent="True" />
							</template_reference>
						</group>
						<group name="weapon" List.ItemID="1064922397" List.ParentItemID="1064922397">
							<template_reference name="weapon_entity_attachment" value="" overrideParent="True">
							</template_reference>
							<template_reference name="non_entity_weapon_wrapper" value="non_entity_weapon_wrapper" overrideParent="True">
								<instance_reference name="non_entity_weapon_wrapper_pbg" value="weapon\races\common\melee\weapon_knight_4_charge" overrideParent="True" />
								<instance_reference name="animator_attachments" value="attachments\attachment_lists\races\mongol\weapons\wpn_melee_knight_4_charge_mon" overrideParent="True" />
								<string name="marker_name_parent" value="metarig_rarmpalmsocket" overrideParent="True" />
							</template_reference>
						</group>
					</list>
				</group>
			</list>
		</template_reference>
		<template_reference name="exts" value="ebpextensions\upgrade_ext" List.ItemID="-878705617" List.ListAction="Append">
			<bool name="must_be_in_supply" value="False" />
			<float name="number_of_standard_slots" value="-1" />
			<list name="standard_upgrades">
			</list>
			<int name="max_queue_size_override" value="-1" />
			<state_tree_node name="production_item_completed_openingbranch" value="" />
		</template_reference>
	</list>
	<uniqueid name="pbgid" value="136311" />
	<instance_reference name="parent_pbg" value="ebps\races\core\units\unit_knight_4" />
</instance>