<instance version="4" description="Mongol castle age horseman" template="ebps">
	<list name="extensions">
		<template_reference name="exts" value="ebpextensions\entity_blueprint_ext" List.ItemID="1117396992" List.ParentItemID="1117396992">
			<bool name="browsable_in_editor" value="True" overrideParent="True" />
		</template_reference>
		<template_reference name="exts" value="ebpextensions\action_apply_ext" List.ItemID="43246497" List.ParentItemID="43246497">
			<list name="action_state_trees">
				<group name="container" List.ItemID="16843610" List.ParentItemID="16843610">
					<string name="state_tree" value="unit_action_apply\units\horseman\audio\mon\4" overrideParent="True" />
				</group>
			</list>
		</template_reference>
		<template_reference name="exts" value="ebpextensions\cost_ext" List.ItemID="1168881951" List.ParentItemID="1168881951">
			<group name="time_cost">
				<float name="time_seconds" value="7" overrideParent="True" />
			</group>
		</template_reference>
		<template_reference name="exts" value="ebpextensions\health_ext" comment="Horse and rider entities require identical health_ext values. Keep them in sync." List.ItemID="-975825396" List.ParentItemID="-975825396">
		</template_reference>
		<template_reference name="exts" value="ebpextensions\type_ext" List.ItemID="-809868374" List.ParentItemID="-809868374">
			<list name="race_type_list" overrideParent="True">
				<instance_reference name="race_type" value="racebps\mongol" List.ItemID="-398799119" />
			</list>
		</template_reference>
		<template_reference name="exts" value="ebpextensions\combat_ext" comment="Horse and rider entities require identical combat_ext values. Keep them in sync." List.ItemID="1065738823" List.ParentItemID="1065738823">
			<list name="hardpoints">
				<group name="hardpoint" List.ItemID="-1753816310" List.ParentItemID="-1753816310">
					<list name="weapon_table">
						<group name="weapon" List.ItemID="-606427801" List.ParentItemID="-606427801">
							<template_reference name="weapon_entity_attachment" value="" overrideParent="True">
							</template_reference>
							<template_reference name="non_entity_weapon_wrapper" value="non_entity_weapon_wrapper" overrideParent="True">
								<instance_reference name="non_entity_weapon_wrapper_pbg" value="weapon\races\mongol\melee\weapon_horseman_4_mon" overrideParent="True" />
								<instance_reference name="animator_attachments" value="attachments\attachment_lists\races\mongol\weapons\wpn_melee_horseman_4_mon" overrideParent="True" />
								<string name="marker_name_parent" value="metarig_rarmpalmsocket" overrideParent="True" />
							</template_reference>
						</group>
						<group name="weapon" List.ItemID="-224998054" List.ParentItemID="-224998054">
							<template_reference name="weapon_entity_attachment" value="" overrideParent="True">
							</template_reference>
							<template_reference name="non_entity_weapon_wrapper" value="non_entity_weapon_wrapper" overrideParent="True">
								<instance_reference name="non_entity_weapon_wrapper_pbg" value="weapon\races\mongol\ranged\weapon_torch_horseman_mon" overrideParent="True" />
								<instance_reference name="animator_attachments" value="attachments\attachment_lists\races\mongol\weapons\wpn_siege_torch_horseman_mon" overrideParent="True" />
								<string name="marker_name_parent" value="metarig_rarmpalmsocket" overrideParent="True" />
							</template_reference>
						</group>
						<group name="weapon" List.ItemID="1813525305" List.ParentItemID="1813525305">
							<template_reference name="weapon_entity_attachment" value="" overrideParent="True">
							</template_reference>
							<template_reference name="non_entity_weapon_wrapper" value="non_entity_weapon_wrapper" overrideParent="True">
								<instance_reference name="non_entity_weapon_wrapper_pbg" value="weapon\races\common\melee\weapon_horseman_4_charge" overrideParent="True" />
								<instance_reference name="animator_attachments" value="attachments\attachment_lists\races\core\weapons\wpn_melee_horseman_charge" overrideParent="True" />
								<string name="marker_name_parent" value="metarig_rarmpalmsocket" overrideParent="True" />
							</template_reference>
						</group>
					</list>
				</group>
			</list>
		</template_reference>
		<template_reference name="exts" value="ebpextensions\tier_ext" List.ItemID="-14762799" List.ParentItemID="-14762799">
			<list name="tier_group_list">
				<list name="tier_group" List.ItemID="-1100134359" List.ParentItemID="-1100134359">
					<group name="tier" List.ItemID="54631908" List.ParentItemID="54631908">
						<instance_reference name="attachments" value="attachments\attachment_lists\civilizations\mongol\units\tier4_cavalry_horseman_mon" overrideParent="True" />
						<template_reference name="statetree_tier_reached_actions" value="state_tree_reference_info">
							<state_tree_node name="ActionTree_OpeningBranch" value="tier_unit_exposure_dca" overrideParent="True" />
						</template_reference>
						<instance_reference name="statetree_tier_pgb_upgrade_target_squad" value="sbps\races\mongol\unit_horseman_4_mon" overrideParent="True" />
					</group>
				</list>
			</list>
		</template_reference>
		<template_reference name="exts" value="ebpextensions\upgrade_ext" List.ItemID="835966005" List.ListAction="Append">
			<bool name="must_be_in_supply" value="False" />
			<float name="number_of_standard_slots" value="-1" />
			<list name="standard_upgrades">
			</list>
			<int name="max_queue_size_override" value="-1" />
			<state_tree_node name="production_item_completed_openingbranch" value="" />
		</template_reference>
	</list>
	<uniqueid name="pbgid" value="136309" />
	<instance_reference name="parent_pbg" value="ebps\races\core\units\unit_horseman_4" />
</instance>