﻿ID,Pipeline,PipelineStage,Notes,TranslationNotes,Tags,Text
1,,,Mod name.,,,大逃杀-森林(Battle Royale Forest)
2,,,Mod description.,,,"v0.1.14 请同时加载地图、游戏模式和调整包  Remade from Battle Royale of AoE2:DE, Capture buildings and win the game! Choose BR_Forest game mode, BR_Forest tuning pack and BR_Forest map to start. Source code can be found at github.com/kzoacn/BR_AoE4"
3,,,,,,大逃杀-森林(Battle Royale Forest)
4,,,,,,大逃杀-森林(Battle Royale Forest)
