<instance version="4" description="" template="upgrade">
	<group name="upgrade_bag">
		<group name="ui_info">
			<template_reference name="ui_info_extended" value="tables\ui_info_ext" overrideParent="True">
				<template_reference name="command_card_info" value="">
				</template_reference>
				<template_reference name="quick_abilities_info" value="">
				</template_reference>
				<template_reference name="quick_commands_info" value="ui_quick_commands_info">
					<int name="quick_commands_slot_index" value="2" overrideParent="True" />
					<enum name="quick_commands_hotkey" value="x_quick_command_hold_y" overrideParent="True" />
					<int name="quick_commands_priority" value="6" overrideParent="True" />
				</template_reference>
				<template_reference name="quick_formation_info" value="">
				</template_reference>
				<template_reference name="ping_menu_info" value="">
				</template_reference>
				<enum name="category" value="Economic" />
				<template_reference name="quick_commands_launch_hud_info" value="ui_quick_commands_launch_hud_info">
					<enum name="quick_commands_hotkey" value="" />
					<int name="quick_commands_priority" value="-1" />
					<int name="quick_commands_slot_index" value="-1" />
					<enum name="quick_commands_hold_time" value="quick_command_hold_time" />
				</template_reference>
				<template_reference name="relic_radial_menu_info" value="">
				</template_reference>
				<enum name="observer_type" value="Disabled" />
			</template_reference>
		</group>
		<list name="requirements">
			<template_reference name="required" value="requirements\required_player_upgrade" List.ItemID="-1255009568" List.ParentItemID="-1255009568">
				<instance_reference name="upgrade_name" value="upgrade\races\malian\units\upgrade_unit_spearman_2_mal" mod="56121bbe2eed4cd593391f4efa27b36a" overrideParent="True" />
			</template_reference>
		</list>
		<list name="upgrade_type" overrideParent="True">
			<enum name="upgrade_type" value="military_upgrade" List.ItemID="1981764658" />
			<enum name="upgrade_type" value="malian_upgrade" List.ItemID="83804444" />
			<enum name="upgrade_type" value="scar_military_upgrade" List.ItemID="-1142817152" />
			<enum name="upgrade_type" value="scar_tiered_upgrade" List.ItemID="-689489379" />
			<enum name="upgrade_type" value="scar_unit_upgrade" List.ItemID="961360720" />
			<enum name="upgrade_type" value="scar_feudal_age_upgrade" overrideParent="True" List.ItemID="292703266" />
		</list>
	</group>
	<uniqueid name="pbgid" value="2059143" />
	<instance_reference name="parent_pbg" value="upgrade\races\common\units\upgrade_unit_spearman_2" />
</instance>