<instance version="4" description="used to unlock the Hussar." template="upgrade">
	<group name="upgrade_bag">
		<bool name="enable_in_hold" value="False" />
		<float name="global_max_limit" value="1" />
		<bool name="has_speech_code" value="False" />
		<float name="local_max_limit" value="0" />
		<enum name="owner_type" value="player" />
		<group name="time_cost">
			<enum_table name="cost">
				<float name="action" value="0" />
				<float name="command" value="0" />
				<float name="popcap" value="0" />
				<float name="food" value="50" />
				<float name="wood" value="0" />
				<float name="stone" value="0" />
				<float name="gold" value="125" />
				<float name="militia_hre" value="0" />
			</enum_table>
			<float name="time_seconds" value="30" />
		</group>
		<bool name="ui_event_cue" value="True" />
		<enum name="ui_production_group" value="command_panel" />
		<group name="ui_info">
			<locstring name="extra_text" value="11164891" />
			<locstring name="help_text" value="11215234" />
			<string name="hotkey_name" value="A" />
			<file name="icon_name" value="races\malian\upgrades\sofa_3" />
			<bool name="reveal_for_decryption" value="False" />
			<locstring name="screen_name" value="11143330" />
			<locstring name="brief_text" value="0" />
			<locstring name="screen_name_short" value="0" />
			<string name="debug_text" value="" />
			<string name="tooltip_data_template" value="BuildingUpgradeDataTemplate" />
			<enum name="ui_combine_type" value="intersection" />
			<template_reference name="brief_text_formatter" value="">
			</template_reference>
			<template_reference name="extra_text_formatter" value="">
			</template_reference>
			<template_reference name="help_text_formatter" value="">
			</template_reference>
			<template_reference name="screen_name_formatter" value="">
			</template_reference>
			<template_reference name="screen_name_short_formatter" value="">
			</template_reference>
			<string name="sound" value="sfx_ui_produce_upgrade_unit_click" />
			<string name="sound_alternative" value="" />
			<int name="global_unit_control_row" value="1" />
			<template_reference name="ui_info_extended" value="tables\ui_info_ext">
				<template_reference name="command_card_info" value="">
				</template_reference>
				<template_reference name="quick_abilities_info" value="">
				</template_reference>
				<template_reference name="quick_commands_info" value="ui_quick_commands_info">
					<int name="quick_commands_slot_index" value="3" />
					<enum name="quick_commands_hotkey" value="x_quick_command_hold_x" />
					<int name="quick_commands_priority" value="10" />
				</template_reference>
				<template_reference name="quick_formation_info" value="">
				</template_reference>
				<template_reference name="ping_menu_info" value="">
				</template_reference>
				<enum name="category" value="Economic" />
				<template_reference name="quick_commands_launch_hud_info" value="ui_quick_commands_launch_hud_info">
					<enum name="quick_commands_hotkey" value="" />
					<int name="quick_commands_priority" value="-1" />
					<int name="quick_commands_slot_index" value="-1" />
					<enum name="quick_commands_hold_time" value="quick_command_hold_time" />
				</template_reference>
				<template_reference name="relic_radial_menu_info" value="">
				</template_reference>
				<enum name="observer_type" value="Disabled" />
			</template_reference>
			<locstring name="help_text_controller" value="0" />
			<locstring name="extra_text_controller" value="0" />
		</group>
		<list name="requirements">
			<template_reference name="required" value="requirements\required_player_upgrade" List.ItemID="-1760466736">
				<enum name="reason" value="usage" />
				<locstring name="ui_name" value="0" />
				<bool name="is_present" value="True" />
				<int name="max_completed" value="100" />
				<int name="min_completed" value="1" />
				<instance_reference name="upgrade_name" value="upgrade\dev\ages\castle_age" />
				<bool name="include_queued" value="False" />
				<group name="include_pbg_parenting">
					<bool name="include_child_pbgs" value="False" />
					<bool name="include_parent_pbgs" value="False" />
				</group>
				<bool name="include_completed" value="True" />
			</template_reference>
			<template_reference name="required" value="requirements\required_player_upgrade" List.ItemID="1060294722">
				<enum name="reason" value="usage_and_display" />
				<locstring name="ui_name" value="0" />
				<bool name="is_present" value="False" />
				<int name="max_completed" value="100" />
				<int name="min_completed" value="1" />
				<instance_reference name="upgrade_name" value="upgrade\races\malian\units\upgrade_unit_horseman_3_mal" mod="56121bbe2eed4cd593391f4efa27b36a" />
				<bool name="include_queued" value="False" />
				<group name="include_pbg_parenting">
					<bool name="include_child_pbgs" value="False" />
					<bool name="include_parent_pbgs" value="False" />
				</group>
				<bool name="include_completed" value="True" />
			</template_reference>
		</list>
		<file name="ui_kicker_icon_name" value="" />
		<locstring name="ui_squad_name_override" value="0" />
		<locstring name="ui_squad_help_text_override" value="0" />
		<locstring name="ui_squad_extra_text_override" value="0" />
		<list name="ui_preview">
		</list>
		<string name="speech_code" value="" />
		<file name="ui_squad_portrait_icon_override" value="" />
		<group name="ui_position">
			<int name="ui_position_row" value="2" />
			<int name="ui_position_column" value="1" />
		</group>
		<float name="min_music_intensity" value="0" />
		<group name="state_tree_references">
			<template_reference name="on_begin_action_tree" value="state_tree_reference_info">
				<state_tree_node name="ActionTree_OpeningBranch" value="" />
				<bool name="start_suspended" value="False" />
			</template_reference>
			<template_reference name="on_action_tree" value="state_tree_reference_info">
				<state_tree_node name="ActionTree_OpeningBranch" value="upgrade_unit_tiers\general" />
				<bool name="start_suspended" value="False" />
			</template_reference>
			<template_reference name="on_cancel_action_tree" value="state_tree_reference_info">
				<state_tree_node name="ActionTree_OpeningBranch" value="" />
				<bool name="start_suspended" value="False" />
			</template_reference>
			<template_reference name="on_action_entity_tree" value="state_tree_reference_info">
				<state_tree_node name="ActionTree_OpeningBranch" value="" />
				<bool name="start_suspended" value="False" />
			</template_reference>
			<template_reference name="on_action_squad_tree" value="state_tree_reference_info">
				<state_tree_node name="ActionTree_OpeningBranch" value="" />
				<bool name="start_suspended" value="False" />
			</template_reference>
		</group>
		<list name="upgrade_type">
			<enum name="upgrade_type" value="military_upgrade" List.ItemID="181392478" />
			<enum name="upgrade_type" value="malian_upgrade" List.ItemID="2109510444" />
			<enum name="upgrade_type" value="scar_military_upgrade" List.ItemID="-1587209453" />
			<enum name="upgrade_type" value="scar_tiered_upgrade" List.ItemID="-598699614" />
			<enum name="upgrade_type" value="scar_unit_upgrade" List.ItemID="-2068084808" />
			<enum name="upgrade_type" value="scar_castle_age_upgrade" List.ItemID="-92537483" />
		</list>
		<string name="requirements_openingbranch" value="" />
		<instance_reference name="ui_menu" value="" />
		<bool name="is_progress_permanent" value="False" />
		<group name="ui_codex_info">
			<int name="priority" value="0" />
			<bool name="exclusive" value="True" />
			<group name="ui_position">
				<int name="ui_position_column" value="-1" />
				<int name="ui_position_row" value="-1" />
			</group>
		</group>
		<group name="filter_conditions">
			<state_tree_node name="apply_to_filter_condition_statetree_ref" value="" />
			<enum name="apply_to_target_type" value="entity" />
			<list name="apply_to_unit_classes">
			</list>
			<enum name="apply_to_application_type" value="current_and_future_units" />
			<enum name="apply_to_future_units" value="current_and_future_units" />
		</group>
		<enum_table name="squad_cost">
			<float name="action" value="0" />
			<float name="command" value="0" />
			<float name="popcap" value="0" />
			<float name="food" value="0" />
			<float name="wood" value="0" />
			<float name="stone" value="0" />
			<float name="gold" value="0" />
			<float name="militia_hre" value="0" />
		</enum_table>
		<list name="float_properties">
		</list>
		<list name="int_properties">
		</list>
		<enum name="ui_group_cast_type" value="single" />
		<instance_reference name="hotkey_binding" value="hotkeys\hotkey_binding\building_stable\tech_upgrade_horseman" />
		<bool name="ignore_completion_state_tree_openingbranch" value="False" />
	</group>
	<uniqueid name="pbgid" value="2059146" />
	<instance_reference name="parent_pbg" value="" />
</instance>