<instance version="4" description="HRE Unique Unit" template="ebps">
	<list name="extensions">
		<template_reference name="exts" value="ebpextensions\entity_blueprint_ext" List.ItemID="-765163162" List.ParentItemID="-765163162">
			<instance_reference name="animator_attachments" value="attachments\attachment_lists\races\hre\units\unit_landsknecht_hre" overrideParent="True" />
			<bool name="browsable_in_editor" value="True" overrideParent="True" />
		</template_reference>
		<template_reference name="exts" value="ebpextensions\action_apply_ext" List.ItemID="-1466211397" List.ParentItemID="-1466211397">
			<list name="action_state_trees">
				<group name="container" List.ItemID="433640417" List.ParentItemID="433640417">
					<string name="state_tree" value="unit_action_apply\units\melee_infantry_other" overrideParent="True" />
				</group>
				<group name="container" List.ItemID="230139408" List.ParentItemID="230139408">
					<string name="state_tree" value="unit_action_apply\units\melee_infantry_other\audio\landsknecht\4" overrideParent="True" />
				</group>
			</list>
		</template_reference>
		<template_reference name="exts" value="ebpextensions\cost_ext" List.ItemID="1978222223" List.ParentItemID="1978222223">
			<group name="time_cost">
				<enum_table name="cost">
					<float name="food" value="60" overrideParent="True" />
					<float name="gold" value="100" overrideParent="True" />
				</enum_table>
				<float name="time_seconds" value="7" overrideParent="True" />
			</group>
		</template_reference>
		<template_reference name="exts" value="ebpextensions\health_ext" List.ItemID="118682988" List.ParentItemID="118682988">
			<float name="hitpoints" value="95" overrideParent="True" />
			<enum_table name="armor_scaler_by_damage_type">
				<float name="Melee" value="0" overrideParent="True" />
				<float name="Ranged" value="0" overrideParent="True" />
			</enum_table>
		</template_reference>
		<template_reference name="exts" value="ebpextensions\type_ext" List.ItemID="-782585427" List.ParentItemID="-782585427">
			<list name="unit_type_list" overrideParent="True">
				<enum name="unit_type" value="military" List.ItemID="-1734062412" />
				<enum name="unit_type" value="infantry" List.ItemID="-1111482260" />
				<enum name="unit_type" value="armored" List.ItemID="20264569" />
				<enum name="unit_type" value="landsknecht" overrideParent="True" List.ItemID="-1831691831" />
				<enum name="unit_type" value="human" List.ItemID="1890480785" />
				<enum name="unit_type" value="melee" List.ItemID="1975632996" />
				<enum name="unit_type" value="formational" List.ItemID="-92493447" />
				<enum name="unit_type" value="torch_thrower" List.ItemID="-531807933" />
				<enum name="unit_type" value="light_melee_infantry" overrideParent="True" List.ItemID="587141851" />
				<enum name="unit_type" value="annihilation_condition" List.ItemID="645828593" />
			</list>
			<list name="race_type_list" overrideParent="True">
				<instance_reference name="race_type" value="racebps\hre" List.ItemID="678123128" />
			</list>
		</template_reference>
		<template_reference name="exts" value="ebpextensions\ui_ext" List.ItemID="835520554" List.ParentItemID="835520554">
			<bool name="is_armoured" value="False" overrideParent="True" />
		</template_reference>
		<template_reference name="exts" value="ebpextensions\combat_ext" List.ItemID="1697644820" List.ParentItemID="1697644820">
			<list name="hardpoints">
				<group name="hardpoint" List.ItemID="1781403471" List.ParentItemID="1781403471">
					<list name="weapon_table">
						<group name="weapon" List.ItemID="-955194656" List.ParentItemID="-955194656">
							<template_reference name="weapon_entity_attachment" value="" overrideParent="True">
							</template_reference>
							<template_reference name="non_entity_weapon_wrapper" value="non_entity_weapon_wrapper" overrideParent="True">
								<instance_reference name="non_entity_weapon_wrapper_pbg" value="weapon\races\hre\melee\weapon_landsknecht_4_hre" overrideParent="True" />
								<instance_reference name="animator_attachments" value="attachments\attachment_lists\races\hre\weapons\wpn_melee_landsknecht_hre" overrideParent="True" />
								<string name="marker_name_parent" value="MetaRig_RArmPalmSocket" overrideParent="True" />
							</template_reference>
						</group>
						<group name="weapon" List.ItemID="-471332549" List.ParentItemID="-471332549">
							<template_reference name="weapon_entity_attachment" value="" overrideParent="True">
							</template_reference>
							<template_reference name="non_entity_weapon_wrapper" value="non_entity_weapon_wrapper" overrideParent="True">
								<instance_reference name="non_entity_weapon_wrapper_pbg" value="weapon\races\common\ranged\weapon_torch" overrideParent="True" />
								<instance_reference name="animator_attachments" value="attachments\attachment_lists\races\hre\weapons\wpn_siege_torch_hre" overrideParent="True" />
								<string name="marker_name_parent" value="MetaRig_RArmPalmSocket" overrideParent="True" />
							</template_reference>
						</group>
						<group name="weapon" List.ItemID="667584923" List.ParentItemID="667584923">
							<template_reference name="weapon_entity_attachment" value="" overrideParent="True">
							</template_reference>
							<template_reference name="non_entity_weapon_wrapper" value="non_entity_weapon_wrapper" overrideParent="True">
								<instance_reference name="non_entity_weapon_wrapper_pbg" value="weapon\races\hre\melee\weapon_landsknecht_4_charge_hre" overrideParent="True" />
								<instance_reference name="animator_attachments" value="attachments\attachment_lists\races\hre\weapons\wpn_melee_landsknecht_charge_hre" overrideParent="True" />
								<string name="marker_name_parent" value="MetaRig_RArmPalmSocket" overrideParent="True" />
							</template_reference>
						</group>
					</list>
				</group>
			</list>
		</template_reference>
		<template_reference name="exts" value="ebpextensions\moving_ext" List.ItemID="-559269079" List.ParentItemID="-559269079">
			<enum_table name="speed_levels" overrideParent="True">
				<float name="speed_level_0" value="1.5" />
				<float name="speed_level_1" value="3" overrideParent="True" />
				<float name="speed_level_2" value="5" overrideParent="True" />
				<float name="speed_level_3" value="5.4" overrideParent="True" />
				<float name="speed_level_4" value="5.4" overrideParent="True" />
			</enum_table>
			<enum_table name="speed_scaling_table" overrideParent="True">
				<float name="min_speed" value="0" />
				<float name="default_speed" value="5" overrideParent="True" />
				<float name="max_speed" value="8" />
			</enum_table>
		</template_reference>
		<template_reference name="exts" value="ebpextensions\speech_ext" List.ItemID="1277345199" List.ParentItemID="1277345199">
			<string name="speaker_code" value="landsknecht" overrideParent="True" />
		</template_reference>
		<template_reference name="exts" value="ebpextensions\animation_action_tree_ext" List.ItemID="-799841580" List.ParentItemID="-799841580">
			<string name="default_animation" value="navigation\idle_tense_02" overrideParent="True" />
		</template_reference>
		<template_reference name="exts" value="ebpextensions\tier_ext" List.ItemID="1590686263" List.ParentItemID="1590686263">
			<list name="tier_group_list" overrideParent="True">
				<list name="tier_group" overrideParent="True" List.ItemID="737702695">
					<group name="tier" List.ItemID="-1089877286">
						<list name="tier_requirements" overrideParent="True">
						</list>
						<instance_reference name="attachments" value="attachments\attachment_lists\civilizations\hre\units\tier4_landsknecht_hre" />
						<template_reference name="statetree_tier_reached_actions" value="state_tree_reference_info">
							<state_tree_node name="ActionTree_OpeningBranch" value="tier_unit_exposure_dca" overrideParent="True" />
							<bool name="start_suspended" value="False" />
						</template_reference>
						<instance_reference name="statetree_tier_requirements_pbg" value="" />
						<instance_reference name="statetree_tier_pgb_upgrade_target_entity" value="" />
						<instance_reference name="statetree_tier_pgb_upgrade_target_squad" value="" />
						<string name="tier_attachment_action" value="" />
						<template_reference name="blueprint_conversion_parameters" value="blueprint_conversion_parameters">
							<bool name="reissue_commands" value="False" />
							<bool name="continue_state_trees" value="True" />
							<bool name="remove_from_pending_deaths" value="False" />
						</template_reference>
						<string name="inventory_category_to_refresh_on_tier_up" value="" />
					</group>
				</list>
			</list>
		</template_reference>
		<template_reference name="exts" value="ebpextensions\statemodel_ext" List.ItemID="1874334521" List.ParentItemID="1874334521">
			<instance_reference name="schema" value="statemodel_schema\units\civilizations\hre\manatamrs_hre" overrideParent="True" />
		</template_reference>
		<template_reference name="exts" value="ebpextensions\interactive_object_ext" List.ItemID="-613549251" List.ListAction="Append">
			<list name="type_list" overrideParent="True">
				<group name="type" List.ItemID="-1127941919">
					<enum name="interaction_type" value="inspire_hre" overrideParent="True" />
					<int name="prefer_number" value="1" overrideParent="True" />
					<int name="max_number" value="1" overrideParent="True" />
					<enum name="interaction_target_type" value="entity" />
					<template_reference name="node_list_option" value="options\none" overrideParent="True">
					</template_reference>
					<bool name="block_pathing_when_interacted" value="False" />
				</group>
			</list>
		</template_reference>
	</list>
	<uniqueid name="pbgid" value="168400" />
	<instance_reference name="parent_pbg" value="ebps\races\core\units\unit_manatarms_4" />
</instance>