<instance version="4" description="HRE Imperial Age Man-at-arms" template="ebps">
	<list name="extensions">
		<template_reference name="exts" value="ebpextensions\entity_blueprint_ext" List.ItemID="-765163162" List.ParentItemID="-765163162">
			<bool name="browsable_in_editor" value="True" overrideParent="True" />
		</template_reference>
		<template_reference name="exts" value="ebpextensions\action_apply_ext" List.ItemID="-1466211397" List.ParentItemID="-1466211397">
			<list name="action_state_trees">
				<group name="container" List.ItemID="230139408" List.ParentItemID="230139408">
					<string name="state_tree" value="unit_action_apply\units\manatarms\audio\hre\4" overrideParent="True" />
				</group>
			</list>
		</template_reference>
		<template_reference name="exts" value="ebpextensions\cost_ext" List.ItemID="1978222223" List.ParentItemID="1978222223">
			<group name="time_cost">
				<float name="time_seconds" value="7" overrideParent="True" />
			</group>
		</template_reference>
		<template_reference name="exts" value="ebpextensions\type_ext" List.ItemID="-782585427" List.ParentItemID="-782585427">
			<list name="race_type_list" overrideParent="True">
				<instance_reference name="race_type" value="racebps\hre" List.ItemID="1905591361" />
			</list>
		</template_reference>
		<template_reference name="exts" value="ebpextensions\combat_ext" List.ItemID="1697644820" List.ParentItemID="1697644820">
			<list name="hardpoints">
				<group name="hardpoint" List.ItemID="1781403471" List.ParentItemID="1781403471">
					<list name="weapon_table" overrideParent="True">
						<group name="weapon" List.ItemID="1046378189">
							<group name="heading">
								<float name="x" value="0" />
								<float name="y" value="0" />
								<float name="z" value="1" />
							</group>
							<float name="length" value="0" />
							<group name="origin">
								<float name="x" value="0" />
								<float name="y" value="0.5" />
								<float name="z" value="0" />
							</group>
							<enum name="type" value="default" />
							<template_reference name="weapon_entity_attachment" value="" overrideParent="True">
							</template_reference>
							<template_reference name="non_entity_weapon_wrapper" value="non_entity_weapon_wrapper" overrideParent="True">
								<instance_reference name="non_entity_weapon_wrapper_pbg" value="weapon\races\common\melee\weapon_manatarms_4" overrideParent="True" />
								<instance_reference name="animator_attachments" value="attachments\attachment_lists\races\hre\weapons\wpn_melee_manatarms_4_hre" overrideParent="True" />
								<string name="marker_name_parent" value="MetaRig_RArmPalmSocket" overrideParent="True" />
							</template_reference>
						</group>
						<group name="weapon" List.ItemID="-1832087353">
							<group name="heading">
								<float name="x" value="0" />
								<float name="y" value="0" />
								<float name="z" value="1" />
							</group>
							<float name="length" value="0" />
							<group name="origin">
								<float name="x" value="0" />
								<float name="y" value="0.5" />
								<float name="z" value="0" />
							</group>
							<enum name="type" value="default" />
							<template_reference name="weapon_entity_attachment" value="" overrideParent="True">
							</template_reference>
							<template_reference name="non_entity_weapon_wrapper" value="non_entity_weapon_wrapper" overrideParent="True">
								<instance_reference name="non_entity_weapon_wrapper_pbg" value="weapon\races\common\ranged\weapon_torch" overrideParent="True" />
								<instance_reference name="animator_attachments" value="attachments\attachment_lists\races\core\weapons\wpn_siege_torch" overrideParent="True" />
								<string name="marker_name_parent" value="MetaRig_RArmPalmSocket" overrideParent="True" />
							</template_reference>
						</group>
						<group name="weapon" List.ItemID="-228088284">
							<group name="heading">
								<float name="x" value="0" />
								<float name="y" value="0" />
								<float name="z" value="1" />
							</group>
							<float name="length" value="0" />
							<group name="origin">
								<float name="x" value="0" />
								<float name="y" value="0.5" />
								<float name="z" value="0" />
							</group>
							<enum name="type" value="default" />
							<template_reference name="weapon_entity_attachment" value="" overrideParent="True">
							</template_reference>
							<template_reference name="non_entity_weapon_wrapper" value="non_entity_weapon_wrapper" overrideParent="True">
								<instance_reference name="non_entity_weapon_wrapper_pbg" value="weapon\races\hre\melee\weapon_manatarms_4_charge_hre" overrideParent="True" />
								<instance_reference name="animator_attachments" value="attachments\attachment_lists\races\hre\weapons\wpn_melee_manatarms_4_hre" overrideParent="True" />
								<string name="marker_name_parent" value="MetaRig_RArmPalmSocket" overrideParent="True" />
							</template_reference>
						</group>
						<group name="weapon" comment="One Handed Mace" List.ItemID="603906078">
							<group name="heading">
								<float name="x" value="0" />
								<float name="y" value="0" />
								<float name="z" value="1" />
							</group>
							<float name="length" value="0" />
							<group name="origin">
								<float name="x" value="0" />
								<float name="y" value="0.5" />
								<float name="z" value="0" />
							</group>
							<enum name="type" value="default" />
							<template_reference name="weapon_entity_attachment" value="" overrideParent="True">
							</template_reference>
							<template_reference name="non_entity_weapon_wrapper" value="non_entity_weapon_wrapper" overrideParent="True">
								<instance_reference name="non_entity_weapon_wrapper_pbg" value="weapon\races\hre\melee\weapon_manatarms_4_1handmace_hre" overrideParent="True" />
								<instance_reference name="animator_attachments" value="attachments\attachment_lists\races\hre\weapons\wpn_melee_manatarms_4_1handmace_hre" overrideParent="True" />
								<string name="marker_name_parent" value="MetaRig_RArmPalmSocket" overrideParent="True" />
							</template_reference>
						</group>
						<group name="weapon" comment="One Handed Mace (Charge)" List.ItemID="1921606709">
							<group name="heading">
								<float name="x" value="0" />
								<float name="y" value="0" />
								<float name="z" value="1" />
							</group>
							<float name="length" value="0" />
							<group name="origin">
								<float name="x" value="0" />
								<float name="y" value="0.5" />
								<float name="z" value="0" />
							</group>
							<enum name="type" value="default" />
							<template_reference name="weapon_entity_attachment" value="" overrideParent="True">
							</template_reference>
							<template_reference name="non_entity_weapon_wrapper" value="non_entity_weapon_wrapper" overrideParent="True">
								<instance_reference name="non_entity_weapon_wrapper_pbg" value="weapon\races\hre\melee\weapon_manatarms_4_1handmace_charge_hre" overrideParent="True" />
								<instance_reference name="animator_attachments" value="attachments\attachment_lists\races\hre\weapons\wpn_melee_manatarms_4_1handmace_hre" overrideParent="True" />
								<string name="marker_name_parent" value="MetaRig_RArmPalmSocket" overrideParent="True" />
							</template_reference>
						</group>
						<group name="weapon" comment="Two Handed Axe" List.ItemID="1820985522">
							<group name="heading">
								<float name="x" value="0" />
								<float name="y" value="0" />
								<float name="z" value="1" />
							</group>
							<float name="length" value="0" />
							<group name="origin">
								<float name="x" value="0" />
								<float name="y" value="0.5" />
								<float name="z" value="0" />
							</group>
							<enum name="type" value="default" />
							<template_reference name="weapon_entity_attachment" value="" overrideParent="True">
							</template_reference>
							<template_reference name="non_entity_weapon_wrapper" value="non_entity_weapon_wrapper" overrideParent="True">
								<instance_reference name="non_entity_weapon_wrapper_pbg" value="weapon\races\hre\melee\weapon_manatarms_4_2handaxe_hre" overrideParent="True" />
								<instance_reference name="animator_attachments" value="attachments\attachment_lists\races\hre\weapons\wpn_melee_manatarms_4_2handaxe_hre" overrideParent="True" />
								<string name="marker_name_parent" value="MetaRig_RArmPalmSocket" overrideParent="True" />
							</template_reference>
						</group>
						<group name="weapon" comment="Two Handed Axe (Charge)" List.ItemID="-1975666760">
							<group name="heading">
								<float name="x" value="0" />
								<float name="y" value="0" />
								<float name="z" value="1" />
							</group>
							<float name="length" value="0" />
							<group name="origin">
								<float name="x" value="0" />
								<float name="y" value="0.5" />
								<float name="z" value="0" />
							</group>
							<enum name="type" value="default" />
							<template_reference name="weapon_entity_attachment" value="" overrideParent="True">
							</template_reference>
							<template_reference name="non_entity_weapon_wrapper" value="non_entity_weapon_wrapper" overrideParent="True">
								<instance_reference name="non_entity_weapon_wrapper_pbg" value="weapon\races\hre\melee\weapon_manatarms_4_2handaxe_charge_hre" overrideParent="True" />
								<instance_reference name="animator_attachments" value="attachments\attachment_lists\races\hre\weapons\wpn_melee_manatarms_4_2handaxe_hre" overrideParent="True" />
								<string name="marker_name_parent" value="MetaRig_RArmPalmSocket" overrideParent="True" />
							</template_reference>
						</group>
						<group name="weapon" comment="Two Handed Mace" List.ItemID="165807648">
							<group name="heading">
								<float name="x" value="0" />
								<float name="y" value="0" />
								<float name="z" value="1" />
							</group>
							<float name="length" value="0" />
							<group name="origin">
								<float name="x" value="0" />
								<float name="y" value="0.5" />
								<float name="z" value="0" />
							</group>
							<enum name="type" value="default" />
							<template_reference name="weapon_entity_attachment" value="" overrideParent="True">
							</template_reference>
							<template_reference name="non_entity_weapon_wrapper" value="non_entity_weapon_wrapper" overrideParent="True">
								<instance_reference name="non_entity_weapon_wrapper_pbg" value="weapon\races\hre\melee\weapon_manatarms_4_2handmace_hre" overrideParent="True" />
								<instance_reference name="animator_attachments" value="attachments\attachment_lists\races\hre\weapons\wpn_melee_manatarms_4_2handmace_hre" overrideParent="True" />
								<string name="marker_name_parent" value="MetaRig_RArmPalmSocket" overrideParent="True" />
							</template_reference>
						</group>
						<group name="weapon" comment="Two Handed Mace (Charge)" List.ItemID="706524061">
							<group name="heading">
								<float name="x" value="0" />
								<float name="y" value="0" />
								<float name="z" value="1" />
							</group>
							<float name="length" value="0" />
							<group name="origin">
								<float name="x" value="0" />
								<float name="y" value="0.5" />
								<float name="z" value="0" />
							</group>
							<enum name="type" value="default" />
							<template_reference name="weapon_entity_attachment" value="" overrideParent="True">
							</template_reference>
							<template_reference name="non_entity_weapon_wrapper" value="non_entity_weapon_wrapper" overrideParent="True">
								<instance_reference name="non_entity_weapon_wrapper_pbg" value="weapon\races\hre\melee\weapon_manatarms_4_2handmace_charge_hre" overrideParent="True" />
								<instance_reference name="animator_attachments" value="attachments\attachment_lists\races\hre\weapons\wpn_melee_manatarms_4_2handmace_hre" overrideParent="True" />
								<string name="marker_name_parent" value="MetaRig_RArmPalmSocket" overrideParent="True" />
							</template_reference>
						</group>
					</list>
				</group>
			</list>
		</template_reference>
		<template_reference name="exts" value="ebpextensions\tier_ext" overrideParent="True" List.ItemID="1590686263" List.ParentItemID="1590686263">
			<list name="tier_group_list">
				<list name="tier_group" overrideParent="True" List.ItemID="-769922076">
					<group name="tier" List.ItemID="293055103">
						<list name="tier_requirements" overrideParent="True">
						</list>
						<instance_reference name="attachments" value="attachments\attachment_lists\civilizations\hre\units\tier4_manatarms_hre" />
						<template_reference name="statetree_tier_reached_actions" value="state_tree_reference_info">
							<state_tree_node name="ActionTree_OpeningBranch" value="manatarms_weapon_conversions_hre" overrideParent="True" />
							<bool name="start_suspended" value="False" />
						</template_reference>
						<instance_reference name="statetree_tier_requirements_pbg" value="" />
						<instance_reference name="statetree_tier_pgb_upgrade_target_entity" value="" />
						<instance_reference name="statetree_tier_pgb_upgrade_target_squad" value="" />
						<string name="tier_attachment_action" value="" />
						<template_reference name="blueprint_conversion_parameters" value="blueprint_conversion_parameters">
							<bool name="reissue_commands" value="False" />
							<bool name="continue_state_trees" value="True" />
							<bool name="remove_from_pending_deaths" value="False" />
						</template_reference>
						<string name="inventory_category_to_refresh_on_tier_up" value="" />
					</group>
				</list>
			</list>
		</template_reference>
		<template_reference name="exts" value="ebpextensions\statemodel_ext" List.ItemID="1874334521" List.ParentItemID="1874334521">
			<instance_reference name="schema" value="statemodel_schema\units\civilizations\hre\manatamrs_hre" overrideParent="True" />
		</template_reference>
		<template_reference name="exts" value="ebpextensions\interactive_object_ext" List.ItemID="-1824724008" List.ListAction="Append">
			<list name="type_list" overrideParent="True">
				<group name="type" List.ItemID="2029798095">
					<enum name="interaction_type" value="inspire_hre" overrideParent="True" />
					<int name="prefer_number" value="1" overrideParent="True" />
					<int name="max_number" value="1" overrideParent="True" />
					<enum name="interaction_target_type" value="entity" />
					<template_reference name="node_list_option" value="options\none" overrideParent="True">
					</template_reference>
					<bool name="block_pathing_when_interacted" value="False" />
				</group>
			</list>
		</template_reference>
	</list>
	<uniqueid name="pbgid" value="134688" />
	<instance_reference name="parent_pbg" value="ebps\races\core\units\unit_manatarms_4" />
</instance>