<instance version="4" description="HRE Imperial Age Lancer" template="ebps">
	<list name="extensions">
		<template_reference name="exts" value="ebpextensions\entity_blueprint_ext" List.ItemID="1356892678" List.ParentItemID="1356892678">
			<bool name="browsable_in_editor" value="True" overrideParent="True" />
		</template_reference>
		<template_reference name="exts" value="ebpextensions\action_apply_ext" List.ItemID="-12513399" List.ParentItemID="-12513399">
			<list name="action_state_trees">
				<group name="container" List.ItemID="2022080988" List.ParentItemID="2022080988">
					<string name="state_tree" value="unit_action_apply\units\knight\audio\hre\4" overrideParent="True" />
				</group>
			</list>
		</template_reference>
		<template_reference name="exts" value="ebpextensions\cost_ext" List.ItemID="-919563761" List.ParentItemID="-919563761">
			<group name="time_cost">
				<float name="time_seconds" value="12" overrideParent="True" />
			</group>
		</template_reference>
		<template_reference name="exts" value="ebpextensions\type_ext" List.ItemID="-1786016482" List.ParentItemID="-1786016482">
			<list name="race_type_list" overrideParent="True">
				<instance_reference name="race_type" value="racebps\hre" List.ItemID="-396394662" />
			</list>
		</template_reference>
		<template_reference name="exts" value="ebpextensions\tier_ext" List.ItemID="1078428342" List.ParentItemID="1078428342">
			<list name="tier_group_list">
				<list name="tier_group" List.ItemID="-1446117106" List.ParentItemID="-1446117106">
					<group name="tier" List.ItemID="1378609698" List.ParentItemID="1378609698">
						<instance_reference name="attachments" value="attachments\attachment_lists\civilizations\hre\units\tier4_cavalry_knight_hre" overrideParent="True" />
						<template_reference name="statetree_tier_reached_actions" value="state_tree_reference_info">
							<state_tree_node name="ActionTree_OpeningBranch" value="tier_unit_exposure_dca" overrideParent="True" />
						</template_reference>
					</group>
				</list>
			</list>
		</template_reference>
		<template_reference name="exts" value="ebpextensions\statemodel_ext" List.ItemID="1083066112" List.ParentItemID="1083066112">
			<instance_reference name="schema" value="statemodel_schema\units\civilizations\hre\knight_hre" overrideParent="True" />
		</template_reference>
		<template_reference name="exts" value="ebpextensions\combat_ext" List.ItemID="1762200638" List.ParentItemID="1762200638">
			<list name="hardpoints">
				<group name="hardpoint" List.ItemID="1534383478" List.ParentItemID="1534383478">
					<list name="weapon_table">
						<group name="weapon" List.ItemID="-1605222392" List.ParentItemID="-1605222392">
							<template_reference name="weapon_entity_attachment" value="" overrideParent="True">
							</template_reference>
							<template_reference name="non_entity_weapon_wrapper" value="non_entity_weapon_wrapper" overrideParent="True">
								<instance_reference name="non_entity_weapon_wrapper_pbg" value="weapon\races\common\melee\weapon_knight_4" overrideParent="True" />
								<instance_reference name="animator_attachments" value="attachments\attachment_lists\races\hre\weapons\wpn_melee_knight_4_hre" overrideParent="True" />
								<string name="marker_name_parent" value="metarig_rarmpalmsocket" overrideParent="True" />
							</template_reference>
						</group>
						<group name="weapon" List.ItemID="-815746252" List.ParentItemID="-815746252">
							<template_reference name="weapon_entity_attachment" value="" overrideParent="True">
							</template_reference>
							<template_reference name="non_entity_weapon_wrapper" value="non_entity_weapon_wrapper" overrideParent="True">
								<instance_reference name="non_entity_weapon_wrapper_pbg" value="weapon\races\common\ranged\weapon_torch_horseman" overrideParent="True" />
								<instance_reference name="animator_attachments" value="attachments\attachment_lists\races\hre\weapons\wpn_siege_torch_hre" overrideParent="True" />
								<string name="marker_name_parent" value="metarig_rarmpalmsocket" overrideParent="True" />
							</template_reference>
						</group>
						<group name="weapon" List.ItemID="1064922397" List.ParentItemID="1064922397">
							<template_reference name="weapon_entity_attachment" value="" overrideParent="True">
							</template_reference>
							<template_reference name="non_entity_weapon_wrapper" value="non_entity_weapon_wrapper" overrideParent="True">
								<instance_reference name="non_entity_weapon_wrapper_pbg" value="weapon\races\common\melee\weapon_knight_4_charge" overrideParent="True" />
								<instance_reference name="animator_attachments" value="attachments\attachment_lists\races\hre\weapons\wpn_melee_knight_4_charge_hre" overrideParent="True" />
								<string name="marker_name_parent" value="metarig_rarmpalmsocket" overrideParent="True" />
							</template_reference>
						</group>
					</list>
				</group>
			</list>
		</template_reference>
		<template_reference name="exts" value="ebpextensions\interactive_object_ext" List.ItemID="-1637704062" List.ListAction="Append">
			<list name="type_list" overrideParent="True">
				<group name="type" List.ItemID="-1325128770">
					<enum name="interaction_type" value="inspire_hre" overrideParent="True" />
					<int name="prefer_number" value="1" overrideParent="True" />
					<int name="max_number" value="1" overrideParent="True" />
					<enum name="interaction_target_type" value="entity" />
					<template_reference name="node_list_option" value="options\none" overrideParent="True">
					</template_reference>
					<bool name="block_pathing_when_interacted" value="False" />
				</group>
			</list>
		</template_reference>
	</list>
	<uniqueid name="pbgid" value="134684" />
	<instance_reference name="parent_pbg" value="ebps\races\core\units\unit_knight_4" />
</instance>