<instance version="4" description="" template="ebps">
	<list name="extensions" overrideParent="True">
		<template_reference name="exts" value="ebpextensions\entity_blueprint_ext" List.ItemID="807185427">
			<file name="alternate_sua" value="" />
			<bool name="always_revealed_in_fow" value="False" />
			<bool name="is_visible_in_game" value="True" />
			<int name="precise_size" value="-1" />
			<enum name="default_spawn_type" value="" />
			<instance_reference name="unit_badge" value="" />
			<bool name="is_spawned_when_not_in_interactive_area" value="True" />
			<bool name="is_wreck" value="False" />
			<instance_reference name="animator_attachments" value="attachments\attachment_lists\races\core\buildings\building_defense_keep" />
			<float name="animator_scale" value="100" />
			<bool name="browsable_in_editor" value="True" overrideParent="True" />
			<float name="entity_scale" value="100" />
			<enum name="subclass_type" value="Building" />
		</template_reference>
		<template_reference name="exts" value="ebpextensions\sim_entity_ext" List.ItemID="-297173551">
			<float name="rotate_snap" value="360" />
			<bool name="kill_paradrop" value="False" />
			<enum name="transferable" value="None" />
		</template_reference>
		<template_reference name="exts" value="ebpextensions\health_ext" List.ItemID="-1341994584">
			<bool name="can_repair" value="True" comment="This is true for the Loom research, in order for current health to adjust alongside the maximum health modifier." />
			<bool name="cuttable" value="False" />
			<string name="death_event_name" value="death" />
			<float name="death_seconds" value="-1" />
			<bool name="delete_when_dead" value="False" />
			<bool name="force_attacker_memory" value="False" />
			<float name="hitpoints" value="5000" />
			<bool name="is_invincible" value="False" />
			<bool name="is_salvagable_wreck" value="False" />
			<instance_reference name="rebuilt_entity" value="" />
			<instance_reference name="rebuilt_squad" value="" />
			<bool name="rebuilt_use_wreck_owner" value="False" />
			<bool name="receive_weapon_cover_modifiers" value="False" />
			<float name="regeneration" value="0" />
			<bool name="regeneration_disabled" value="True" />
			<bool name="remove_from_pathfinding_on_death" value="False" />
			<bool name="reveal_to_all_on_death" value="False" />
			<bool name="ui_can_scuttle" value="True" />
			<float name="target_size" value="5" />
			<float name="weapon_priority" value="80" />
			<template_reference name="wreck_entity_option" value="options\none">
			</template_reference>
			<enum name="armor_type" value="None" />
			<template_reference name="armor_layout_option" value="options\ebpextensions\healthext\armor_layouts\armor_layout_uniform">
				<float name="armor" value="1" />
			</template_reference>
			<enum name="allegiance_override" value="none" />
			<bool name="not_default_attackable" value="False" />
			<enum_table name="armor_scaler_by_damage_type">
				<float name="True Damage" value="0" />
				<float name="Melee" value="0" />
				<float name="Ranged" value="50" />
				<float name="Fire" value="5" />
			</enum_table>
			<template_reference name="self_destruct_action_tree" value="state_tree_reference_info">
				<state_tree_node name="ActionTree_OpeningBranch" value="" />
				<bool name="start_suspended" value="False" />
			</template_reference>
			<template_reference name="rebuilt_entity_action_tree" value="state_tree_reference_info">
				<state_tree_node name="ActionTree_OpeningBranch" value="" />
				<bool name="start_suspended" value="False" />
			</template_reference>
			<template_reference name="on_received_damage_action_tree" value="state_tree_reference_info">
				<state_tree_node name="ActionTree_OpeningBranch" value="" />
				<bool name="start_suspended" value="False" />
			</template_reference>
			<state_tree_node name="death_action_tree" value="building_death_actions\buildings\keep_death_actions" />
			<state_tree_node name="on_reach_invulnerable_min_cap_entity_state_tree_ref" value="" />
			<state_tree_node name="on_reach_max_health_entity_state_tree_ref" value="" />
			<bool name="can_be_damaged_by_ally" value="False" />
		</template_reference>
		<template_reference name="exts" value="ebpextensions\hit_object_ext" List.ItemID="-353734857">
			<instance_reference name="hit_material" value="hit_material\stone" />
			<float name="hit_chance" value="1" />
			<template_reference name="projectile_reflect_option" value="options\none">
			</template_reference>
			<enum name="projectile_collision_check_type" value="internal_simboxes_only" />
			<group name="shot_collision">
				<enum_table name="pass_through_relation">
					<bool name="undefined" value="False" />
					<bool name="enemy" value="True" />
					<bool name="ally" value="True" />
					<bool name="neutral" value="True" />
				</enum_table>
				<enum_table name="pass_through_projectile">
					<bool name="tp_artillery" value="True" />
					<bool name="tp_collide" value="False" />
					<bool name="tp_vehicle_collide" value="True" />
					<bool name="tp_piercing_blockers_only" value="True" />
				</enum_table>
				<bool name="pass_through_weapon_ranged_non_projectile" value="False" />
				<bool name="collide_with_missed_ranged_weapon_shots" value="True" />
			</group>
		</template_reference>
		<template_reference name="exts" value="ebpextensions\line_of_sight_ext" List.ItemID="-1550258777">
			<group name="blocking_box">
				<float name="x" value="0.01" />
				<float name="y" value="0.01" />
				<float name="z" value="0.01" />
			</group>
			<bool name="is_shot_blocking" value="False" />
			<bool name="use_blocking_box" value="False" />
			<bool name="reveal_center_when_outside_is_visible" value="True" />
			<enum name="does_block_line_of_sight" value="never" />
			<list name="blocked_weapon_types">
			</list>
			<bool name="disable_shot_blocking_on_death" value="False" />
		</template_reference>
		<template_reference name="exts" value="ebpextensions\modifier_ext" List.ItemID="-693794059">
		</template_reference>
		<template_reference name="exts" value="ebpextensions\site_ext" List.ItemID="-1358422614">
			<bool name="snap_to_terrain" value="False" />
			<float name="extra_build_test_footprint_x" value="0" />
			<float name="extra_build_test_footprint_z" value="0" />
			<float name="extra_build_test_footprint_offset_x" value="0" />
			<float name="extra_build_test_footprint_offset_z" value="0" />
			<float name="minimum_build_test_footprint_x" value="0" />
			<float name="minimum_build_test_footprint_z" value="0" />
			<enum name="impass_cell_check" value="AllCellsFree" />
			<group name="footprint_scale">
				<float name="x" value="8" />
				<float name="y" value="8" />
			</group>
			<bool name="forced_axis_aligned_footprint" value="True" />
			<bool name="remove_if_constructed_over" value="False" />
			<list name="snap_to_surface_types">
				<enum name="surface_type" value="Ground" List.ItemID="-1064994839" />
			</list>
			<bool name="snap_to_construction_grid" value="True" />
		</template_reference>
		<template_reference name="exts" value="ebpextensions\type_ext" List.ItemID="454650307">
			<enum name="weapon_targeting" value="automatic" />
			<bool name="intersection_testing" value="False" />
			<list name="unit_type_list" overrideParent="True">
				<enum name="unit_type" value="building" List.ItemID="-1532444612" />
				<enum name="unit_type" value="castle" List.ItemID="-247232725" />
				<enum name="unit_type" value="defensive_structure" List.ItemID="2085298184" />
				<enum name="unit_type" value="siegeable" List.ItemID="2082594427" />
				<enum name="unit_type" value="scar_keep" List.ItemID="423648571" />
				<enum name="unit_type" value="town_bell_target" List.ItemID="-1586780986" />
				<enum name="unit_type" value="has_default_building_weapons" List.ItemID="-1797459409" />
				<enum name="unit_type" value="military" List.ItemID="-593923025" />
				<enum name="unit_type" value="golden_age_tier_1_building_abb" List.ItemID="1872733429" />
			</list>
			<list name="race_type_list" overrideParent="True">
				<instance_reference name="race_type" value="racebps\abbasid" List.ItemID="2028024449" />
			</list>
			<list name="attack_target_restriction_on_attacker">
			</list>
			<list name="attack_target_restriction_on_victim">
			</list>
			<enum_table name="weapon_category_targeting_filter">
				<bool name="1melee" value="False" />
				<bool name="2ranged" value="False" />
				<bool name="3siege" value="True" />
				<bool name="4charge" value="True" />
				<bool name="5brace" value="True" />
				<bool name="6auto_ability_cast" value="True" />
				<bool name="7single_cast_ability" value="True" />
				<bool name="8dummy" value="False" />
				<bool name="9idle" value="True" />
			</enum_table>
			<list name="unit_type_list_selection_keybind_only">
			</list>
			<list name="unit_type_list_ui_appear_as_only">
			</list>
		</template_reference>
		<template_reference name="exts" value="ebpextensions\construction_ext" List.ItemID="461466512">
			<bool name="automatic_fit_on_placement" value="False" />
			<float name="cancel_refund_percentage" value="100" />
			<string name="construction_state_name" value="construction_state" />
			<float name="construction_transition_time" value="0" />
			<bool name="force_construction" value="False" />
			<float name="max_engineers" value="0" />
			<instance_reference name="on_construction_squad" value="" />
			<float name="orientation" value="0" />
			<enum name="placement_type" value="tp_structure" />
			<bool name="prefer_spots_on_side_with_leader" value="False" />
			<bool name="query_abilities_for_range_ui" value="False" />
			<bool name="random_rotation" value="False" />
			<float name="replace_ghost_distance" value="5" />
			<bool name="self_construct" value="False" />
			<group name="field_placement_info">
				<instance_reference name="border_entity" value="" />
				<instance_reference name="replace_entity" value="" />
				<int name="replace_count" value="0" />
				<float name="replace_retry_distance" value="0" />
			</group>
			<instance_reference name="placement_valid" value="ui_rectangle\construction_placement_valid" />
			<instance_reference name="placement_invalid" value="ui_rectangle\construction_placement_invalid" />
			<instance_reference name="ui_range" value="ui_reticule\structure_range" />
			<float name="ui_range_radius" value="0" comment="10 is the setting for deep strike radius, if this number need to be changed, then deep strike radius needs to request programming support" />
			<instance_reference name="ui_setfacing" value="" />
			<bool name="query_weapon_for_range_ui" value="True" />
			<group name="placement_requirements">
				<bool name="must_be_in_line_of_sight" value="False" />
				<bool name="must_not_be_in_walkable_surfaces" value="False" />
				<bool name="must_be_on_strategic_point" value="False" />
				<list name="requirements">
				</list>
				<float name="spacing_distance" value="0" />
				<bool name="skip_impass_checks_and_ignore_immovable_entities" value="False" />
				<string name="state_tree_conditions" value="" />
				<bool name="must_be_in_explored_area" value="True" />
				<bool name="must_be_on_movement_node" value="False" />
				<list name="placement_requirement_options">
					<template_reference name="placement_requirement_option" value="options\placement\requirements\placement_requirement_pass_types_option" List.ItemID="-1197655216">
						<list name="required_pass_types">
							<group name="pass_type_data" List.ItemID="-1552296710">
								<instance_reference name="pass_type" value="pass_types\infantry" />
								<int name="minimum_contiguous_cell_count" value="1" />
							</group>
						</list>
						<list name="forbidden_pass_types">
						</list>
						<bool name="use_simbox_scale_as_footprint" value="False" />
					</template_reference>
				</list>
				<locstring name="ui_usage_txt" value="0" />
			</group>
			<bool name="squad_ignore_pathfinding" value="False" />
			<bool name="can_be_cancelled" value="True" />
			<template_reference name="construction_health_option" value="options\ebpextensions\constructionext\construction_health_option">
				<float name="initial_health" value="500" />
			</template_reference>
			<float name="min_music_intensity" value="0" />
			<string name="tooltip_data_template" value="BuildingDefensiveDataTemplate" />
			<enum name="placement_set_facing_style" value="disabled" />
			<group name="facing_quadrants">
				<int name="search_radius_metres" value="0" />
				<int name="radius_metres" value="0" />
				<group name="quadrants">
					<enum name="front" value="None" />
					<enum name="rear" value="None" />
					<enum name="left" value="None" />
					<enum name="right" value="None" />
				</group>
			</group>
			<bool name="facing_surface_normal" value="False" />
			<group name="fixed_rotation_impass_avoidance">
				<int name="minimum_search_radius_cells" value="7" />
				<bool name="use_impass_avoidance" value="True" />
			</group>
			<group name="on_construction_complete_state_tree_refs">
				<string name="on_construction_complete_entity_state_tree_ref" value="" />
				<string name="on_construction_complete_physical_state_tree_ref" value="" />
				<string name="on_construction_complete_squad_state_tree_ref" value="" />
				<string name="on_construction_plan_complete_global_state_tree_ref" value="" />
				<string name="while_construction_complete_entity_state_tree_ref" value="building_construction_complete\buildings\keep_construction_complete" />
				<string name="while_construction_complete_physical_state_tree_ref" value="" />
			</group>
			<state_tree_node name="can_be_cancelled_state_tree_conditions" value="" />
			<bool name="query_movement_node_modifier_for_range_ui" value="True" />
			<enum name="entity_placement_class" value="" />
			<bool name="show_ability_range_in_construction_item_preview" value="False" />
			<bool name="construction_site_erase_inactive" value="False" />
			<group name="preview_upgrade_effects">
				<template_reference name="area_info" value="">
				</template_reference>
				<list name="preview_upgrade_effects_list">
				</list>
			</group>
			<bool name="placement_position_ignores_walkable_surfaces" value="False" />
			<bool name="can_place_over_allied_buildings" value="False" />
		</template_reference>
		<template_reference name="exts" value="ebpextensions\cost_ext" List.ItemID="-1868614686">
			<group name="time_cost">
				<enum_table name="cost">
					<float name="action" value="0" />
					<float name="popcap" value="0" />
					<float name="command" value="0" />
					<float name="food" value="0" />
					<float name="wood" value="0" />
					<float name="stone" value="800" />
					<float name="gold" value="0" />
					<float name="militia_hre" value="0" />
				</enum_table>
				<float name="time_seconds" value="140" />
				<int name="time_turns" value="0" />
			</group>
		</template_reference>
		<template_reference name="exts" value="ebpextensions\impass_ext" List.ItemID="-980542900">
			<bool name="cant_build" value="True" />
			<group name="impass_simboxes">
				<bool name="default_simbox" value="True" />
				<list name="named_simboxes">
				</list>
			</group>
			<list name="block_path">
				<instance_reference name="path_type" value="pass_types\infantry" List.ItemID="112946592" />
				<instance_reference name="path_type" value="pass_types\vehicle" List.ItemID="-1434642573" />
			</list>
			<bool name="should_rasterize_partial_cells" value="False" />
			<enum name="blocker_lifetime_type" value="match_entity" />
			<file name="stamp_blockers" value="" overrideParent="True" />
			<group name="center_cell">
				<bool name="cant_build" value="False" />
				<list name="block_path">
				</list>
			</group>
		</template_reference>
		<template_reference name="exts" value="ebpextensions\sight_ext" List.ItemID="-1368430231">
			<group name="detect_camouflage">
				<float name="tp_global" value="10" />
				<float name="tp_mine" value="0" />
				<float name="tp_unit" value="0" />
			</group>
			<bool name="extended_sight" value="False" />
			<float name="extended_sight_radius" value="0" />
			<float name="reveal_area_on_death_time" value="1.5" />
			<group name="sight_package">
				<float name="inner_height" value="501" />
				<float name="inner_radius" value="80" overrideParent="True" />
				<float name="outer_height" value="-15" />
				<float name="outer_radius" value="90" overrideParent="True" />
				<float name="cone_angle" value="360" />
				<float name="cone_start_radius" value="0" />
			</group>
			<list name="extended_sight_target_requirements">
			</list>
			<list name="specific_detector_actions">
			</list>
			<bool name="camouflage_detection_enabled" value="False" />
			<group name="vertical_truesight">
				<bool name="enable" value="False" />
				<float name="tolerance" value="1" />
				<float name="eye_height" value="2.5" />
			</group>
			<bool name="blockers_check_bounding_box" value="False" />
			<group name="stealth_detection">
				<bool name="enabled" value="False" />
				<float name="radius" value="0" />
				<float name="throttle" value="0" />
			</group>
		</template_reference>
		<template_reference name="exts" value="ebpextensions\ui_ext" List.ItemID="132120254">
			<bool name="ap_killed_kicker" value="True" />
			<bool name="ap_loss_kicker" value="True" />
			<float name="decorator_height" value="10" />
			<string name="extra_text_deprecated" value="" />
			<bool name="ghost_enable" value="True" />
			<locstring name="help_text" value="11161241" />
			<string name="hotkey_name" value="C" />
			<file name="icon_name" value="races\common\buildings\keep" />
			<enum name="kill_type" value="building" />
			<bool name="minimap_enable" value="True" />
			<bool name="minimap_team_only" value="False" />
			<bool name="minimap_teamcolor" value="True" />
			<string name="overlay_name" value="" />
			<bool name="reveal_for_decryption" value="False" />
			<locstring name="screen_name" value="11119598" />
			<enum name="selection_name" value="building" />
			<float name="selection_scale" value="1" />
			<enum name="selection_type" value="multi_entity_select" />
			<locstring name="tooltip_txt" value="0" />
			<int name="ui_priority" value="0" />
			<file name="minimap_icon" value="" />
			<float name="minimap_icon_scale" value="0.6" />
			<file name="portrait_icon" value="races\common\buildings\keep" />
			<locstring name="brief_text" value="0" />
			<locstring name="extra_text" value="11143100" />
			<bool name="show_in_build_log" value="True" />
			<locstring name="screen_name_short" value="0" />
			<bool name="show_entity_appearance" value="True" />
			<locstring name="screen_name_world" value="0" />
			<locstring name="help_text_world" value="0" />
			<locstring name="extra_text_world" value="0" />
			<enum name="map_rotation_type_override" value="no_override" />
			<file name="symbol_icon_name" value="" />
			<enum name="occlusion_state" value="terrain_layer" />
			<enum name="decorator_visibility" value="visible" />
			<bool name="skin_pack_override" value="False" />
			<string name="skin_summer" value="" />
			<string name="skin_winter" value="" />
			<enum name="selection_method" value="obb_adjusted_to_terrain" />
			<enum name="targeting_and_bandbox_selection_priority" value="lowest" />
			<colour name="minimap_color" value="*" />
			<group name="terrain_info_display_offset">
				<float name="x" value="-225" />
				<float name="y" value="-175" />
			</group>
			<string name="decorator_ledger_key" value="" />
			<instance_reference name="decorator_ledger_bar_style" value="" />
			<enum name="selection_name_squad_override" value="" />
			<string name="selection_grouping_ledger_key" value="" />
			<string name="debug_text" value="" />
			<string name="selection_datatemplate" value="BuildingDefensiveDataTemplate" />
			<bool name="use_construction_range_on_selection" value="False" />
			<bool name="use_combat_range_on_selection" value="True" />
			<bool name="is_armoured" value="True" />
			<string name="decorator_data_template" value="" />
			<enum name="ui_combine_type" value="intersection" />
			<bool name="spotted_on_spawn" value="False" />
			<instance_reference name="district_info" value="" />
			<bool name="force_facing_and_range_visual_to_center_on_entity" value="False" />
			<bool name="is_unique_to_race" value="False" />
			<float name="kicker_offset" value="0" />
			<group name="selection_secondary_bounds_scale">
				<float name="x" value="1" />
				<float name="y" value="1" />
				<float name="z" value="1" />
			</group>
			<enum name="decorator" value="" />
			<int name="map_layer" value="0" />
			<enum name="map_mark" value="Structure" />
			<file name="portrait_name" value="" />
			<group name="ui_codex_info">
				<int name="priority" value="3950" />
				<bool name="exclusive" value="False" />
				<group name="ui_position">
					<int name="ui_position_column" value="-1" />
					<int name="ui_position_row" value="-1" />
				</group>
			</group>
			<list name="custom_selection_obbs">
			</list>
			<list name="ui_extra_infos" overrideParent="True">
				<template_reference name="ui_extra_info" value="info\ui_extra_info" List.ItemID="-1844226780">
					<file name="icon" value="influence_buff" overrideParent="True" />
					<locstring name="description" value="0" />
					<template_reference name="description_formatter" value="ui_text_formatter" overrideParent="True">
						<list name="formatter_arguments">
							<int name="int_value" value="5" overrideParent="True" List.ItemID="1693997247" />
						</list>
						<locstring name="formatter" value="11197638" />
					</template_reference>
				</template_reference>
			</list>
			<template_reference name="help_text_formatter" value="">
			</template_reference>
			<template_reference name="extra_text_formatter" value="">
			</template_reference>
			<template_reference name="extra_text_world_formatter" value="">
			</template_reference>
			<template_reference name="help_text_world_formatter" value="">
			</template_reference>
			<template_reference name="screen_name_formatter" value="">
			</template_reference>
			<template_reference name="screen_name_short_formatter" value="">
			</template_reference>
			<template_reference name="screen_name_world_formatter" value="">
			</template_reference>
			<template_reference name="brief_text_formatter" value="">
			</template_reference>
			<string name="sound" value="" />
			<string name="sound_alternative" value="" />
			<string name="telemetry_name" value="Keep" />
			<string name="selection_group" value="keep" />
			<group name="selection_obb_size">
				<float name="x" value="1" />
				<float name="y" value="1" />
				<float name="z" value="1" />
			</group>
			<float name="kicker_offset_world" value="0" />
			<int name="global_unit_control_row" value="-1" />
			<string name="tooltip_data_template" value="" />
			<bool name="selection_obb_size_align_to_terrain" value="True" />
			<group name="selection_obb_size_resource_ready">
				<float name="x" value="1" />
				<float name="y" value="1" />
				<float name="z" value="1" />
			</group>
			<bool name="reticule_override_enabled" value="False" />
			<float name="reticule_override_size" value="0" />
			<float name="minimap_icon_zoom_scale" value="0" />
			<locstring name="help_text_controller" value="0" />
			<locstring name="extra_text_controller" value="0" />
		</template_reference>
		<template_reference name="exts" value="ebpextensions\combat_ext" List.ItemID="-204257736">
			<bool name="reject_attack_command" value="False" />
			<list name="hardpoints" overrideParent="True">
				<group name="hardpoint" comment="Default Arrows 1" List.ItemID="716370224">
					<float name="parent_hardpoint" value="-1" />
					<list name="weapon_table">
						<group name="weapon" List.ItemID="-1702380250">
							<group name="heading">
								<float name="x" value="0" />
								<float name="y" value="0.3" />
								<float name="z" value="1" />
							</group>
							<float name="length" value="0" />
							<group name="origin">
								<float name="x" value="0" />
								<float name="y" value="10" />
								<float name="z" value="0" />
							</group>
							<enum name="type" value="default" />
							<template_reference name="weapon_entity_attachment" value="options\attachment_types\entity_create_attachment">
								<template_reference name="entity_attach_data" value="attachments\attach_data_entity">
									<template_reference name="attach_data" value="attachments\attach_data">
										<string name="marker_name_parent" value="" />
										<string name="parent_rigidbody_target_name" value="" />
										<enum name="game_object_attachment_type" value="scenegraph" />
									</template_reference>
									<instance_reference name="ebp" value="ebps\races\core\weapons\wpn_range_keep_arrows_a" />
									<group name="attachment_flags">
										<bool name="sim_only" value="False" />
										<bool name="no_pathfinding" value="False" />
										<bool name="not_snappable" value="False" />
										<bool name="restore_snap_to_ground_on_detach" value="False" />
										<bool name="no_sim_update" value="True" />
										<bool name="join_parent_squad" value="False" />
										<bool name="redirect_damage_to_parent_entity" value="True" />
										<bool name="assign_as_attachment_combat_leader" value="False" />
										<bool name="assign_as_attachment_movement_leader" value="False" />
										<bool name="receive_parent_animations" value="False" />
										<bool name="receive_parent_death" value="False" />
									</group>
								</template_reference>
								<list name="possible_blueprint_updates">
								</list>
							</template_reference>
							<template_reference name="non_entity_weapon_wrapper" value="">
							</template_reference>
						</group>
					</list>
					<bool name="receives_attack_commands" value="True" />
					<string name="base_marker" value="" />
					<list name="preferred_inventory_item_categories">
					</list>
					<list name="firing_offset_markers">
						<string name="marker" value="fx_muz_arrow_00" List.ItemID="-70851678" />
						<string name="marker" value="fx_muz_arrow_01" List.ItemID="-964379749" />
						<string name="marker" value="fx_muz_arrow_02" List.ItemID="-2089588817" />
						<string name="marker" value="fx_muz_arrow_03" List.ItemID="-1313823984" />
						<string name="marker" value="fx_muz_arrow_04" List.ItemID="2068362529" />
						<string name="marker" value="fx_muz_arrow_05" List.ItemID="-1653467659" />
						<string name="marker" value="fx_muz_arrow_06" List.ItemID="-901889444" />
						<string name="marker" value="fx_muz_arrow_07" List.ItemID="-1451929727" />
					</list>
					<bool name="initialize_weapons_on_creation" value="False" />
					<string name="offhand_marker" value="" />
				</group>
				<group name="hardpoint" comment="Springald Slot" List.ItemID="-867725916">
					<float name="parent_hardpoint" value="-1" />
					<list name="weapon_table">
						<group name="weapon" List.ItemID="1419705623">
							<group name="heading">
								<float name="x" value="0" />
								<float name="y" value="0.3" />
								<float name="z" value="1" />
							</group>
							<float name="length" value="0" />
							<group name="origin">
								<float name="x" value="0" />
								<float name="y" value="10" />
								<float name="z" value="0" />
							</group>
							<enum name="type" value="default" />
							<template_reference name="weapon_entity_attachment" value="options\attachment_types\entity_create_attachment">
								<template_reference name="entity_attach_data" value="attachments\attach_data_entity">
									<template_reference name="attach_data" value="attachments\attach_data">
										<string name="marker_name_parent" value="" />
										<string name="parent_rigidbody_target_name" value="" />
										<enum name="game_object_attachment_type" value="scenegraph" />
									</template_reference>
									<instance_reference name="ebp" value="ebps\races\core\weapons\wpn_range_keep_springald" />
									<group name="attachment_flags">
										<bool name="sim_only" value="False" />
										<bool name="no_pathfinding" value="False" />
										<bool name="not_snappable" value="False" />
										<bool name="restore_snap_to_ground_on_detach" value="False" />
										<bool name="no_sim_update" value="True" />
										<bool name="join_parent_squad" value="False" />
										<bool name="redirect_damage_to_parent_entity" value="True" />
										<bool name="assign_as_attachment_combat_leader" value="False" />
										<bool name="assign_as_attachment_movement_leader" value="False" />
										<bool name="receive_parent_animations" value="False" />
										<bool name="receive_parent_death" value="False" />
									</group>
								</template_reference>
								<list name="possible_blueprint_updates">
								</list>
							</template_reference>
							<template_reference name="non_entity_weapon_wrapper" value="">
							</template_reference>
						</group>
					</list>
					<bool name="receives_attack_commands" value="True" />
					<string name="base_marker" value="" />
					<list name="preferred_inventory_item_categories">
					</list>
					<list name="firing_offset_markers">
						<string name="marker" value="fx_muz_springald_00" List.ItemID="194660970" />
						<string name="marker" value="fx_muz_springald_01" List.ItemID="1222405638" />
						<string name="marker" value="fx_muz_springald_02" List.ItemID="-195677968" />
						<string name="marker" value="fx_muz_springald_03" List.ItemID="791783960" />
					</list>
					<bool name="initialize_weapons_on_creation" value="False" />
					<string name="offhand_marker" value="" />
				</group>
				<group name="hardpoint" comment="Cannon Slot" List.ItemID="354841185">
					<float name="parent_hardpoint" value="-1" />
					<list name="weapon_table">
						<group name="weapon" List.ItemID="995867905">
							<group name="heading">
								<float name="x" value="0" />
								<float name="y" value="0" />
								<float name="z" value="1" />
							</group>
							<float name="length" value="0" />
							<group name="origin">
								<float name="x" value="0" />
								<float name="y" value="5" />
								<float name="z" value="0" />
							</group>
							<enum name="type" value="default" />
							<template_reference name="weapon_entity_attachment" value="options\attachment_types\entity_create_attachment">
								<template_reference name="entity_attach_data" value="attachments\attach_data_entity">
									<template_reference name="attach_data" value="attachments\attach_data">
										<string name="marker_name_parent" value="" />
										<string name="parent_rigidbody_target_name" value="" />
										<enum name="game_object_attachment_type" value="scenegraph" />
									</template_reference>
									<instance_reference name="ebp" value="ebps\races\core\weapons\wpn_siege_keep_cannon" />
									<group name="attachment_flags">
										<bool name="sim_only" value="False" />
										<bool name="no_pathfinding" value="True" />
										<bool name="not_snappable" value="False" />
										<bool name="restore_snap_to_ground_on_detach" value="False" />
										<bool name="no_sim_update" value="True" />
										<bool name="join_parent_squad" value="False" />
										<bool name="redirect_damage_to_parent_entity" value="True" />
										<bool name="assign_as_attachment_combat_leader" value="False" />
										<bool name="assign_as_attachment_movement_leader" value="False" />
										<bool name="receive_parent_animations" value="False" />
										<bool name="receive_parent_death" value="False" />
									</group>
								</template_reference>
								<list name="possible_blueprint_updates">
								</list>
							</template_reference>
							<template_reference name="non_entity_weapon_wrapper" value="">
							</template_reference>
						</group>
					</list>
					<bool name="receives_attack_commands" value="True" />
					<string name="base_marker" value="" />
					<list name="preferred_inventory_item_categories">
					</list>
					<list name="firing_offset_markers">
						<string name="marker" value="fx_muz_cannon_00" List.ItemID="240626497" />
						<string name="marker" value="fx_muz_cannon_01" List.ItemID="1869508587" />
						<string name="marker" value="fx_muz_cannon_02" List.ItemID="1391566634" />
						<string name="marker" value="fx_muz_cannon_03" List.ItemID="2111403273" />
					</list>
					<bool name="initialize_weapons_on_creation" value="False" />
					<string name="offhand_marker" value="" />
				</group>
				<group name="hardpoint" comment="Murderholes Slot" List.ItemID="-1915864345">
					<float name="parent_hardpoint" value="-1" />
					<list name="weapon_table">
						<group name="weapon" List.ItemID="2078691063">
							<group name="heading">
								<float name="x" value="0" />
								<float name="y" value="0" />
								<float name="z" value="1" />
							</group>
							<float name="length" value="0" />
							<group name="origin">
								<float name="x" value="0" />
								<float name="y" value="3" />
								<float name="z" value="0" />
							</group>
							<enum name="type" value="default" />
							<template_reference name="weapon_entity_attachment" value="options\attachment_types\entity_create_attachment">
								<template_reference name="entity_attach_data" value="attachments\attach_data_entity">
									<template_reference name="attach_data" value="attachments\attach_data">
										<string name="marker_name_parent" value="" />
										<string name="parent_rigidbody_target_name" value="" />
										<enum name="game_object_attachment_type" value="scenegraph" />
									</template_reference>
									<instance_reference name="ebp" value="ebps\races\core\weapons\wpn_siege_keep_murder_hole" />
									<group name="attachment_flags">
										<bool name="sim_only" value="False" />
										<bool name="no_pathfinding" value="False" />
										<bool name="not_snappable" value="False" />
										<bool name="restore_snap_to_ground_on_detach" value="False" />
										<bool name="no_sim_update" value="True" />
										<bool name="join_parent_squad" value="False" />
										<bool name="redirect_damage_to_parent_entity" value="True" />
										<bool name="assign_as_attachment_combat_leader" value="False" />
										<bool name="assign_as_attachment_movement_leader" value="False" />
										<bool name="receive_parent_animations" value="False" />
										<bool name="receive_parent_death" value="False" />
									</group>
								</template_reference>
								<list name="possible_blueprint_updates">
								</list>
							</template_reference>
							<template_reference name="non_entity_weapon_wrapper" value="">
							</template_reference>
						</group>
					</list>
					<bool name="receives_attack_commands" value="False" />
					<string name="base_marker" value="" />
					<list name="preferred_inventory_item_categories">
					</list>
					<list name="firing_offset_markers">
						<string name="marker" value="fx_muz_murderhole_00" List.ItemID="-1240717057" />
						<string name="marker" value="fx_muz_murderhole_01" List.ItemID="1279648486" />
						<string name="marker" value="fx_muz_murderhole_02" List.ItemID="-147434047" />
						<string name="marker" value="fx_muz_murderhole_03" List.ItemID="-1676802361" />
						<string name="marker" value="fx_muz_murderhole_04" List.ItemID="-1860179679" />
						<string name="marker" value="fx_muz_murderhole_05" List.ItemID="-2118192055" />
						<string name="marker" value="fx_muz_murderhole_06" List.ItemID="-8102675" />
						<string name="marker" value="fx_muz_murderhole_07" List.ItemID="-443547930" />
						<string name="marker" value="fx_muz_murderhole_08" List.ItemID="1829217678" />
						<string name="marker" value="fx_muz_murderhole_09" List.ItemID="1160613793" />
						<string name="marker" value="fx_muz_murderhole_10" List.ItemID="-1738389628" />
						<string name="marker" value="fx_muz_murderhole_11" List.ItemID="-1556456255" />
						<string name="marker" value="fx_muz_murderhole_12" List.ItemID="666176636" />
					</list>
					<bool name="initialize_weapons_on_creation" value="False" />
					<string name="offhand_marker" value="" />
				</group>
				<group name="hardpoint" comment="Default Arrows 2" List.ItemID="1214530527">
					<float name="parent_hardpoint" value="-1" />
					<list name="weapon_table">
						<group name="weapon" List.ItemID="1851285995">
							<group name="heading">
								<float name="x" value="0" />
								<float name="y" value="0.3" />
								<float name="z" value="1" />
							</group>
							<float name="length" value="0" />
							<group name="origin">
								<float name="x" value="0" />
								<float name="y" value="10" />
								<float name="z" value="0" />
							</group>
							<enum name="type" value="default" />
							<template_reference name="weapon_entity_attachment" value="options\attachment_types\entity_create_attachment">
								<template_reference name="entity_attach_data" value="attachments\attach_data_entity">
									<template_reference name="attach_data" value="attachments\attach_data">
										<string name="marker_name_parent" value="" />
										<string name="parent_rigidbody_target_name" value="" />
										<enum name="game_object_attachment_type" value="scenegraph" />
									</template_reference>
									<instance_reference name="ebp" value="ebps\races\core\weapons\wpn_range_keep_arrows_b" />
									<group name="attachment_flags">
										<bool name="sim_only" value="False" />
										<bool name="no_pathfinding" value="False" />
										<bool name="not_snappable" value="False" />
										<bool name="restore_snap_to_ground_on_detach" value="False" />
										<bool name="no_sim_update" value="True" />
										<bool name="join_parent_squad" value="False" />
										<bool name="redirect_damage_to_parent_entity" value="True" />
										<bool name="assign_as_attachment_combat_leader" value="False" />
										<bool name="assign_as_attachment_movement_leader" value="False" />
										<bool name="receive_parent_animations" value="False" />
										<bool name="receive_parent_death" value="False" />
									</group>
								</template_reference>
								<list name="possible_blueprint_updates">
								</list>
							</template_reference>
							<template_reference name="non_entity_weapon_wrapper" value="">
							</template_reference>
						</group>
					</list>
					<bool name="receives_attack_commands" value="True" />
					<string name="base_marker" value="" />
					<list name="preferred_inventory_item_categories">
					</list>
					<list name="firing_offset_markers">
						<string name="marker" value="fx_muz_arrow_00" List.ItemID="1341407773" />
						<string name="marker" value="fx_muz_arrow_01" List.ItemID="1179219644" />
						<string name="marker" value="fx_muz_arrow_02" List.ItemID="-322966354" />
						<string name="marker" value="fx_muz_arrow_03" List.ItemID="2122090645" />
						<string name="marker" value="fx_muz_arrow_04" List.ItemID="-2025684776" />
						<string name="marker" value="fx_muz_arrow_05" List.ItemID="1845934719" />
						<string name="marker" value="fx_muz_arrow_06" List.ItemID="1522547344" />
						<string name="marker" value="fx_muz_arrow_07" List.ItemID="285436297" />
					</list>
					<bool name="initialize_weapons_on_creation" value="False" />
					<string name="offhand_marker" value="" />
				</group>
				<group name="hardpoint" comment="Default Arrows 3" List.ItemID="926426474">
					<float name="parent_hardpoint" value="-1" />
					<list name="weapon_table">
						<group name="weapon" List.ItemID="1994057237">
							<group name="heading">
								<float name="x" value="0" />
								<float name="y" value="0.3" />
								<float name="z" value="1" />
							</group>
							<float name="length" value="0" />
							<group name="origin">
								<float name="x" value="0" />
								<float name="y" value="10" />
								<float name="z" value="0" />
							</group>
							<enum name="type" value="default" />
							<template_reference name="weapon_entity_attachment" value="options\attachment_types\entity_create_attachment">
								<template_reference name="entity_attach_data" value="attachments\attach_data_entity">
									<template_reference name="attach_data" value="attachments\attach_data">
										<string name="marker_name_parent" value="" />
										<string name="parent_rigidbody_target_name" value="" />
										<enum name="game_object_attachment_type" value="scenegraph" />
									</template_reference>
									<instance_reference name="ebp" value="ebps\races\core\weapons\wpn_range_keep_arrows_c" />
									<group name="attachment_flags">
										<bool name="sim_only" value="False" />
										<bool name="no_pathfinding" value="False" />
										<bool name="not_snappable" value="False" />
										<bool name="restore_snap_to_ground_on_detach" value="False" />
										<bool name="no_sim_update" value="True" />
										<bool name="join_parent_squad" value="False" />
										<bool name="redirect_damage_to_parent_entity" value="True" />
										<bool name="assign_as_attachment_combat_leader" value="False" />
										<bool name="assign_as_attachment_movement_leader" value="False" />
										<bool name="receive_parent_animations" value="False" />
										<bool name="receive_parent_death" value="False" />
									</group>
								</template_reference>
								<list name="possible_blueprint_updates">
								</list>
							</template_reference>
							<template_reference name="non_entity_weapon_wrapper" value="">
							</template_reference>
						</group>
					</list>
					<bool name="receives_attack_commands" value="True" />
					<string name="base_marker" value="" />
					<list name="preferred_inventory_item_categories">
					</list>
					<list name="firing_offset_markers">
						<string name="marker" value="fx_muz_arrow_00" List.ItemID="294402707" />
						<string name="marker" value="fx_muz_arrow_01" List.ItemID="1528770223" />
						<string name="marker" value="fx_muz_arrow_02" List.ItemID="1648841029" />
						<string name="marker" value="fx_muz_arrow_03" List.ItemID="-129601814" />
						<string name="marker" value="fx_muz_arrow_04" List.ItemID="375629563" />
						<string name="marker" value="fx_muz_arrow_05" List.ItemID="1776701731" />
						<string name="marker" value="fx_muz_arrow_06" List.ItemID="-1032266638" />
						<string name="marker" value="fx_muz_arrow_07" List.ItemID="1353377058" />
					</list>
					<bool name="initialize_weapons_on_creation" value="False" />
					<string name="offhand_marker" value="" />
				</group>
				<group name="hardpoint" comment="Default Arrows 3" List.ItemID="-2119310798">
					<float name="parent_hardpoint" value="-1" />
					<list name="weapon_table">
						<group name="weapon" List.ItemID="-13763038">
							<group name="heading">
								<float name="x" value="0" />
								<float name="y" value="0.3" />
								<float name="z" value="1" />
							</group>
							<float name="length" value="0" />
							<group name="origin">
								<float name="x" value="0" />
								<float name="y" value="10" />
								<float name="z" value="0" />
							</group>
							<enum name="type" value="default" />
							<template_reference name="weapon_entity_attachment" value="options\attachment_types\entity_create_attachment">
								<template_reference name="entity_attach_data" value="attachments\attach_data_entity">
									<template_reference name="attach_data" value="attachments\attach_data">
										<string name="marker_name_parent" value="" />
										<string name="parent_rigidbody_target_name" value="" />
										<enum name="game_object_attachment_type" value="scenegraph" />
									</template_reference>
									<instance_reference name="ebp" value="ebps\races\core\weapons\wpn_range_keep_arrows_c" />
									<group name="attachment_flags">
										<bool name="sim_only" value="False" />
										<bool name="no_pathfinding" value="False" />
										<bool name="not_snappable" value="False" />
										<bool name="restore_snap_to_ground_on_detach" value="False" />
										<bool name="no_sim_update" value="True" />
										<bool name="join_parent_squad" value="False" />
										<bool name="redirect_damage_to_parent_entity" value="True" />
										<bool name="assign_as_attachment_combat_leader" value="False" />
										<bool name="assign_as_attachment_movement_leader" value="False" />
										<bool name="receive_parent_animations" value="False" />
										<bool name="receive_parent_death" value="False" />
									</group>
								</template_reference>
								<list name="possible_blueprint_updates">
								</list>
							</template_reference>
							<template_reference name="non_entity_weapon_wrapper" value="">
							</template_reference>
						</group>
					</list>
					<bool name="receives_attack_commands" value="True" />
					<string name="base_marker" value="" />
					<list name="preferred_inventory_item_categories">
					</list>
					<list name="firing_offset_markers">
						<string name="marker" value="fx_muz_arrow_00" List.ItemID="-459794876" />
						<string name="marker" value="fx_muz_arrow_01" List.ItemID="770855043" />
						<string name="marker" value="fx_muz_arrow_02" List.ItemID="-1845471487" />
						<string name="marker" value="fx_muz_arrow_03" List.ItemID="-212442274" />
						<string name="marker" value="fx_muz_arrow_04" List.ItemID="-466793269" />
						<string name="marker" value="fx_muz_arrow_05" List.ItemID="-65013894" />
						<string name="marker" value="fx_muz_arrow_06" List.ItemID="59184129" />
						<string name="marker" value="fx_muz_arrow_07" List.ItemID="1822945436" />
					</list>
					<bool name="initialize_weapons_on_creation" value="False" />
					<string name="offhand_marker" value="" />
				</group>
				<group name="hardpoint" comment="Default Arrows 3" List.ItemID="1638068210">
					<float name="parent_hardpoint" value="-1" />
					<list name="weapon_table">
						<group name="weapon" List.ItemID="-563986783">
							<group name="heading">
								<float name="x" value="0" />
								<float name="y" value="0.3" />
								<float name="z" value="1" />
							</group>
							<float name="length" value="0" />
							<group name="origin">
								<float name="x" value="0" />
								<float name="y" value="10" />
								<float name="z" value="0" />
							</group>
							<enum name="type" value="default" />
							<template_reference name="weapon_entity_attachment" value="options\attachment_types\entity_create_attachment">
								<template_reference name="entity_attach_data" value="attachments\attach_data_entity">
									<template_reference name="attach_data" value="attachments\attach_data">
										<string name="marker_name_parent" value="" />
										<string name="parent_rigidbody_target_name" value="" />
										<enum name="game_object_attachment_type" value="scenegraph" />
									</template_reference>
									<instance_reference name="ebp" value="ebps\races\core\weapons\wpn_range_keep_arrows_c" />
									<group name="attachment_flags">
										<bool name="sim_only" value="False" />
										<bool name="no_pathfinding" value="False" />
										<bool name="not_snappable" value="False" />
										<bool name="restore_snap_to_ground_on_detach" value="False" />
										<bool name="no_sim_update" value="True" />
										<bool name="join_parent_squad" value="False" />
										<bool name="redirect_damage_to_parent_entity" value="True" />
										<bool name="assign_as_attachment_combat_leader" value="False" />
										<bool name="assign_as_attachment_movement_leader" value="False" />
										<bool name="receive_parent_animations" value="False" />
										<bool name="receive_parent_death" value="False" />
									</group>
								</template_reference>
								<list name="possible_blueprint_updates">
								</list>
							</template_reference>
							<template_reference name="non_entity_weapon_wrapper" value="">
							</template_reference>
						</group>
					</list>
					<bool name="receives_attack_commands" value="True" />
					<string name="base_marker" value="" />
					<list name="preferred_inventory_item_categories">
					</list>
					<list name="firing_offset_markers">
						<string name="marker" value="fx_muz_arrow_00" List.ItemID="1870306057" />
						<string name="marker" value="fx_muz_arrow_01" List.ItemID="-289503600" />
						<string name="marker" value="fx_muz_arrow_02" List.ItemID="-508764632" />
						<string name="marker" value="fx_muz_arrow_03" List.ItemID="-1257888119" />
						<string name="marker" value="fx_muz_arrow_04" List.ItemID="401523943" />
						<string name="marker" value="fx_muz_arrow_05" List.ItemID="1283955653" />
						<string name="marker" value="fx_muz_arrow_06" List.ItemID="260836787" />
						<string name="marker" value="fx_muz_arrow_07" List.ItemID="1032784606" />
					</list>
					<bool name="initialize_weapons_on_creation" value="False" />
					<string name="offhand_marker" value="" />
				</group>
				<group name="hardpoint" comment="Default Arrows 3" List.ItemID="1066151088">
					<float name="parent_hardpoint" value="-1" />
					<list name="weapon_table">
						<group name="weapon" List.ItemID="1710088357">
							<group name="heading">
								<float name="x" value="0" />
								<float name="y" value="0.3" />
								<float name="z" value="1" />
							</group>
							<float name="length" value="0" />
							<group name="origin">
								<float name="x" value="0" />
								<float name="y" value="10" />
								<float name="z" value="0" />
							</group>
							<enum name="type" value="default" />
							<template_reference name="weapon_entity_attachment" value="options\attachment_types\entity_create_attachment">
								<template_reference name="entity_attach_data" value="attachments\attach_data_entity">
									<template_reference name="attach_data" value="attachments\attach_data">
										<string name="marker_name_parent" value="" />
										<string name="parent_rigidbody_target_name" value="" />
										<enum name="game_object_attachment_type" value="scenegraph" />
									</template_reference>
									<instance_reference name="ebp" value="ebps\races\core\weapons\wpn_range_keep_arrows_c" />
									<group name="attachment_flags">
										<bool name="sim_only" value="False" />
										<bool name="no_pathfinding" value="False" />
										<bool name="not_snappable" value="False" />
										<bool name="restore_snap_to_ground_on_detach" value="False" />
										<bool name="no_sim_update" value="True" />
										<bool name="join_parent_squad" value="False" />
										<bool name="redirect_damage_to_parent_entity" value="True" />
										<bool name="assign_as_attachment_combat_leader" value="False" />
										<bool name="assign_as_attachment_movement_leader" value="False" />
										<bool name="receive_parent_animations" value="False" />
										<bool name="receive_parent_death" value="False" />
									</group>
								</template_reference>
								<list name="possible_blueprint_updates">
								</list>
							</template_reference>
							<template_reference name="non_entity_weapon_wrapper" value="">
							</template_reference>
						</group>
					</list>
					<bool name="receives_attack_commands" value="True" />
					<string name="base_marker" value="" />
					<list name="preferred_inventory_item_categories">
					</list>
					<list name="firing_offset_markers">
						<string name="marker" value="fx_muz_arrow_00" List.ItemID="1038713881" />
						<string name="marker" value="fx_muz_arrow_01" List.ItemID="660372575" />
						<string name="marker" value="fx_muz_arrow_02" List.ItemID="579184888" />
						<string name="marker" value="fx_muz_arrow_03" List.ItemID="1112337426" />
						<string name="marker" value="fx_muz_arrow_04" List.ItemID="-10535201" />
						<string name="marker" value="fx_muz_arrow_05" List.ItemID="604069506" />
						<string name="marker" value="fx_muz_arrow_06" List.ItemID="1787448802" />
						<string name="marker" value="fx_muz_arrow_07" List.ItemID="-425858376" />
					</list>
					<bool name="initialize_weapons_on_creation" value="False" />
					<string name="offhand_marker" value="" />
				</group>
				<group name="hardpoint" comment="Default Arrows 3" List.ItemID="1538358256">
					<float name="parent_hardpoint" value="-1" />
					<list name="weapon_table">
						<group name="weapon" List.ItemID="1640694644">
							<group name="heading">
								<float name="x" value="0" />
								<float name="y" value="0.3" />
								<float name="z" value="1" />
							</group>
							<float name="length" value="0" />
							<group name="origin">
								<float name="x" value="0" />
								<float name="y" value="10" />
								<float name="z" value="0" />
							</group>
							<enum name="type" value="default" />
							<template_reference name="weapon_entity_attachment" value="options\attachment_types\entity_create_attachment">
								<template_reference name="entity_attach_data" value="attachments\attach_data_entity">
									<template_reference name="attach_data" value="attachments\attach_data">
										<string name="marker_name_parent" value="" />
										<string name="parent_rigidbody_target_name" value="" />
										<enum name="game_object_attachment_type" value="scenegraph" />
									</template_reference>
									<instance_reference name="ebp" value="ebps\races\core\weapons\wpn_range_keep_arrows_c" />
									<group name="attachment_flags">
										<bool name="sim_only" value="False" />
										<bool name="no_pathfinding" value="False" />
										<bool name="not_snappable" value="False" />
										<bool name="restore_snap_to_ground_on_detach" value="False" />
										<bool name="no_sim_update" value="True" />
										<bool name="join_parent_squad" value="False" />
										<bool name="redirect_damage_to_parent_entity" value="True" />
										<bool name="assign_as_attachment_combat_leader" value="False" />
										<bool name="assign_as_attachment_movement_leader" value="False" />
										<bool name="receive_parent_animations" value="False" />
										<bool name="receive_parent_death" value="False" />
									</group>
								</template_reference>
								<list name="possible_blueprint_updates">
								</list>
							</template_reference>
							<template_reference name="non_entity_weapon_wrapper" value="">
							</template_reference>
						</group>
					</list>
					<bool name="receives_attack_commands" value="True" />
					<string name="base_marker" value="" />
					<list name="preferred_inventory_item_categories">
					</list>
					<list name="firing_offset_markers">
						<string name="marker" value="fx_muz_arrow_00" List.ItemID="-674157177" />
						<string name="marker" value="fx_muz_arrow_01" List.ItemID="-1408237089" />
						<string name="marker" value="fx_muz_arrow_02" List.ItemID="-606358211" />
						<string name="marker" value="fx_muz_arrow_03" List.ItemID="-1950272993" />
						<string name="marker" value="fx_muz_arrow_04" List.ItemID="1603497205" />
						<string name="marker" value="fx_muz_arrow_05" List.ItemID="2016702546" />
						<string name="marker" value="fx_muz_arrow_06" List.ItemID="1581075746" />
						<string name="marker" value="fx_muz_arrow_07" List.ItemID="1064718133" />
					</list>
					<bool name="initialize_weapons_on_creation" value="False" />
					<string name="offhand_marker" value="" />
				</group>
				<group name="hardpoint" comment="Default Arrows 3" List.ItemID="-931363929">
					<float name="parent_hardpoint" value="-1" />
					<list name="weapon_table">
						<group name="weapon" List.ItemID="-1936880382">
							<group name="heading">
								<float name="x" value="0" />
								<float name="y" value="0.3" />
								<float name="z" value="1" />
							</group>
							<float name="length" value="0" />
							<group name="origin">
								<float name="x" value="0" />
								<float name="y" value="10" />
								<float name="z" value="0" />
							</group>
							<enum name="type" value="default" />
							<template_reference name="weapon_entity_attachment" value="options\attachment_types\entity_create_attachment">
								<template_reference name="entity_attach_data" value="attachments\attach_data_entity">
									<template_reference name="attach_data" value="attachments\attach_data">
										<string name="marker_name_parent" value="" />
										<string name="parent_rigidbody_target_name" value="" />
										<enum name="game_object_attachment_type" value="scenegraph" />
									</template_reference>
									<instance_reference name="ebp" value="ebps\races\core\weapons\wpn_range_keep_arrows_c" />
									<group name="attachment_flags">
										<bool name="sim_only" value="False" />
										<bool name="no_pathfinding" value="False" />
										<bool name="not_snappable" value="False" />
										<bool name="restore_snap_to_ground_on_detach" value="False" />
										<bool name="no_sim_update" value="True" />
										<bool name="join_parent_squad" value="False" />
										<bool name="redirect_damage_to_parent_entity" value="True" />
										<bool name="assign_as_attachment_combat_leader" value="False" />
										<bool name="assign_as_attachment_movement_leader" value="False" />
										<bool name="receive_parent_animations" value="False" />
										<bool name="receive_parent_death" value="False" />
									</group>
								</template_reference>
								<list name="possible_blueprint_updates">
								</list>
							</template_reference>
							<template_reference name="non_entity_weapon_wrapper" value="">
							</template_reference>
						</group>
					</list>
					<bool name="receives_attack_commands" value="True" />
					<string name="base_marker" value="" />
					<list name="preferred_inventory_item_categories">
					</list>
					<list name="firing_offset_markers">
						<string name="marker" value="fx_muz_arrow_00" List.ItemID="65241025" />
						<string name="marker" value="fx_muz_arrow_01" List.ItemID="135403551" />
						<string name="marker" value="fx_muz_arrow_02" List.ItemID="-2039645057" />
						<string name="marker" value="fx_muz_arrow_03" List.ItemID="1889805293" />
						<string name="marker" value="fx_muz_arrow_04" List.ItemID="797181646" />
						<string name="marker" value="fx_muz_arrow_05" List.ItemID="250289641" />
						<string name="marker" value="fx_muz_arrow_06" List.ItemID="-1969053084" />
						<string name="marker" value="fx_muz_arrow_07" List.ItemID="1198572904" />
					</list>
					<bool name="initialize_weapons_on_creation" value="False" />
					<string name="offhand_marker" value="" />
				</group>
				<group name="hardpoint" comment="Default Arrows 3" List.ItemID="-1869968813">
					<float name="parent_hardpoint" value="-1" />
					<list name="weapon_table">
						<group name="weapon" List.ItemID="1011607679">
							<group name="heading">
								<float name="x" value="0" />
								<float name="y" value="0.3" />
								<float name="z" value="1" />
							</group>
							<float name="length" value="0" />
							<group name="origin">
								<float name="x" value="0" />
								<float name="y" value="10" />
								<float name="z" value="0" />
							</group>
							<enum name="type" value="default" />
							<template_reference name="weapon_entity_attachment" value="options\attachment_types\entity_create_attachment">
								<template_reference name="entity_attach_data" value="attachments\attach_data_entity">
									<template_reference name="attach_data" value="attachments\attach_data">
										<string name="marker_name_parent" value="" />
										<string name="parent_rigidbody_target_name" value="" />
										<enum name="game_object_attachment_type" value="scenegraph" />
									</template_reference>
									<instance_reference name="ebp" value="ebps\races\core\weapons\wpn_range_keep_arrows_c" />
									<group name="attachment_flags">
										<bool name="sim_only" value="False" />
										<bool name="no_pathfinding" value="False" />
										<bool name="not_snappable" value="False" />
										<bool name="restore_snap_to_ground_on_detach" value="False" />
										<bool name="no_sim_update" value="True" />
										<bool name="join_parent_squad" value="False" />
										<bool name="redirect_damage_to_parent_entity" value="True" />
										<bool name="assign_as_attachment_combat_leader" value="False" />
										<bool name="assign_as_attachment_movement_leader" value="False" />
										<bool name="receive_parent_animations" value="False" />
										<bool name="receive_parent_death" value="False" />
									</group>
								</template_reference>
								<list name="possible_blueprint_updates">
								</list>
							</template_reference>
							<template_reference name="non_entity_weapon_wrapper" value="">
							</template_reference>
						</group>
					</list>
					<bool name="receives_attack_commands" value="True" />
					<string name="base_marker" value="" />
					<list name="preferred_inventory_item_categories">
					</list>
					<list name="firing_offset_markers">
						<string name="marker" value="fx_muz_arrow_00" List.ItemID="-1146939714" />
						<string name="marker" value="fx_muz_arrow_01" List.ItemID="-1967542429" />
						<string name="marker" value="fx_muz_arrow_02" List.ItemID="-101851131" />
						<string name="marker" value="fx_muz_arrow_03" List.ItemID="43289050" />
						<string name="marker" value="fx_muz_arrow_04" List.ItemID="1299502432" />
						<string name="marker" value="fx_muz_arrow_05" List.ItemID="1499545204" />
						<string name="marker" value="fx_muz_arrow_06" List.ItemID="2006429386" />
						<string name="marker" value="fx_muz_arrow_07" List.ItemID="-28798427" />
					</list>
					<bool name="initialize_weapons_on_creation" value="False" />
					<string name="offhand_marker" value="" />
				</group>
			</list>
			<int name="sight_hardpoint" value="-1" />
			<float name="block_frontal_arc" value="0" />
			<group name="attack_move">
				<float name="attack_move_targeting_range" value="30" />
				<float name="attack_move_priority_per_distance_meter" value="-1" />
			</group>
			<group name="idle_targeting">
				<float name="idle_priority_per_angle_degree" value="-1.5" />
				<float name="idle_priority_per_distance_meter" value="-1" />
				<float name="idle_targeting_range" value="15" />
				<float name="idle_priority_per_distance_unit_angle_multiplier" value="0" />
			</group>
			<template_reference name="kill_action_tree" value="state_tree_reference_info">
				<state_tree_node name="ActionTree_OpeningBranch" value="" />
				<bool name="start_suspended" value="False" />
			</template_reference>
			<string name="combat_choice_tree" value="" />
			<int name="block_melee_blocks_per_sequence" value="0" />
			<int name="block_melee_incoming_attack_sequence_length" value="1" />
			<int name="block_ranged_blocks_per_sequence" value="0" />
			<int name="block_ranged_incoming_attack_sequence_length" value="1" />
			<int name="block_projectile_incoming_attack_sequence_length" value="1" />
			<int name="block_projectile_blocks_per_sequence" value="0" />
			<float name="scan_interval_cached_target_invalid" value="2" />
			<float name="scan_interval_cached_target_valid" value="2" />
			<group name="combat_scan_intervals">
				<group name="attack_move_scan_intervals">
					<float name="interval_with_invalid_target" value="1" />
					<float name="interval_with_valid_target" value="2" />
					<float name="interval_with_valid_target_frequent" value="0.5" />
					<float name="frequent_scan_radius" value="0" />
				</group>
				<group name="forced_engagement_scan_intervals">
					<float name="interval_with_invalid_target" value="0.375" />
					<float name="interval_with_valid_target" value="2" />
				</group>
				<group name="idle_scan_intervals">
					<float name="interval_with_invalid_target" value="1" />
					<float name="interval_with_valid_target" value="2" />
					<float name="interval_with_valid_target_frequent" value="0.5" />
					<float name="frequent_scan_radius" value="0" />
				</group>
			</group>
			<bool name="unequip_weapons_on_death" value="True" />
			<bool name="ui_show_most_progressed_weapon_reload" value="False" />
			<list name="target_scanning_priority_override">
				<group name="override" List.ItemID="-398501647">
					<enum name="target_type" value="ram" />
					<float name="priority_value" value="100" />
				</group>
			</list>
		</template_reference>
		<template_reference name="exts" value="ebpextensions\spawner_ext" List.ItemID="2110147682">
			<bool name="must_be_in_supply" value="False" />
			<float name="reinforce_radius" value="0" />
			<list name="spawn_items">
			</list>
			<list name="bonus_xp_from_hold_list">
			</list>
			<list name="reinforce_requirements">
			</list>
			<bool name="spawn_to_hold_try_first" value="False" />
			<list name="queue_requirements">
			</list>
			<bool name="can_rally" value="True" />
			<template_reference name="animated_spawn_option" value="options\none">
			</template_reference>
			<int name="max_queue_size_override" value="-1" />
			<string name="queue_requirements_openingbranch" value="" />
			<string name="reinforce_requirements_openingbranch" value="" />
			<state_tree_node name="production_item_completed_openingbranch" value="" />
			<bool name="enforce_minimum_clearance_at_spawn_positions" value="True" />
			<bool name="enforce_minimum_clearance_if_entities_blocking" value="True" />
			<float name="enforce_minimum_clearance_at_spawn_positions_search_range" value="30" />
			<instance_reference name="rally_pass_type" value="pass_types\infantry" overrideParent="True" />
			<bool name="reset_production_progress_at_current_pop_cap" value="True" />
		</template_reference>
		<template_reference name="exts" value="ebpextensions\upgrade_ext" List.ItemID="1230848178">
			<bool name="must_be_in_supply" value="False" />
			<float name="number_of_standard_slots" value="-1" />
			<list name="standard_upgrades">
				<instance_reference name="upgrade" value="upgrade\races\common\research\upgrade_keep_springald" List.ItemID="-340710436" />
				<instance_reference name="upgrade" value="upgrade\races\common\research\upgrade_keep_cannon" List.ItemID="-1961354786" />
				<instance_reference name="upgrade" value="upgrade\races\common\research\economy\upgrade_tech_university_murder_holes_4" List.ItemID="1014236405" />
			</list>
			<int name="max_queue_size_override" value="-1" />
			<state_tree_node name="production_item_completed_openingbranch" value="" />
		</template_reference>
		<template_reference name="exts" value="ebpextensions\requirement_ext" List.ItemID="988461001">
			<list name="requirement_table">
				<template_reference name="required" value="requirements\required_player_upgrade" List.ItemID="1240967335">
					<enum name="reason" value="usage" />
					<locstring name="ui_name" value="0" />
					<bool name="is_present" value="True" />
					<int name="max_completed" value="100" />
					<int name="min_completed" value="1" />
					<instance_reference name="upgrade_name" value="upgrade\dev\ages\castle_age" />
					<bool name="include_queued" value="False" />
					<group name="include_pbg_parenting">
						<bool name="include_child_pbgs" value="False" />
						<bool name="include_parent_pbgs" value="False" />
					</group>
					<bool name="include_completed" value="True" />
				</template_reference>
			</list>
			<state_tree_node name="requirement_statetree" value="" />
		</template_reference>
		<template_reference name="exts" value="ebpextensions\burn_ext" List.ItemID="-938722593">
			<float name="on_fire_damage_per_sec" value="10" />
			<float name="on_fire_decay_amount_per_sec" value="0" />
			<float name="on_fire_threshold" value="59" />
			<float name="max_fire_damage_per_second" value="10000" />
			<float name="on_fire_health_percentage" value="0.25" />
		</template_reference>
		<template_reference name="exts" value="ebpextensions\action_apply_ext" List.ItemID="1286325449">
			<list name="action_state_trees">
				<group name="container" List.ItemID="1589184860">
					<string name="state_tree" value="building_action_apply\buildings\keep_action_apply" />
				</group>
			</list>
			<bool name="reset_on_load" value="True" />
			<list name="physical_state_trees">
			</list>
			<list name="deferred_action_state_trees">
			</list>
			<list name="action_state_trees_run_once">
			</list>
			<list name="deferred_action_state_trees_run_once">
			</list>
			<list name="physical_state_trees_run_once">
			</list>
		</template_reference>
		<template_reference name="exts" value="ebpextensions\ability_ext" List.ItemID="788762479">
			<list name="abilities" overrideParent="True">
				<instance_reference name="ability" value="abilities\timed_abilities\civ_core\core_building_scuttle" List.ItemID="464994549" />
				<instance_reference name="ability" value="abilities\modal_abilities\core\town_bell\hold_return_to_work" List.ItemID="1583706960" />
				<instance_reference name="ability" value="abilities\always_on_abilities\abbasid\passives\golden_age_bonus_1_abb" List.ItemID="-274701509" />
				<instance_reference name="ability" value="abilities\always_on_abilities\abbasid\medical_centers_abb" List.ItemID="1498886713" />
			</list>
		</template_reference>
		<template_reference name="exts" value="ebpextensions\interactive_object_ext" List.ItemID="1406603576">
			<list name="type_list">
				<group name="type" List.ItemID="1722630240">
					<enum name="interaction_type" value="repair" />
					<int name="prefer_number" value="-1" />
					<int name="max_number" value="-1" />
					<enum name="interaction_target_type" value="entity" />
					<template_reference name="node_list_option" value="options\none">
					</template_reference>
					<bool name="block_pathing_when_interacted" value="False" />
				</group>
				<group name="type" List.ItemID="-2114606283">
					<enum name="interaction_type" value="construct" />
					<int name="prefer_number" value="-1" />
					<int name="max_number" value="-1" />
					<enum name="interaction_target_type" value="entity" />
					<template_reference name="node_list_option" value="options\none">
					</template_reference>
					<bool name="block_pathing_when_interacted" value="False" />
				</group>
				<group name="type" comment="Seek Shelter" List.ItemID="-252498019">
					<enum name="interaction_type" value="seek_shelter_destination" />
					<int name="prefer_number" value="10" />
					<int name="max_number" value="-1" />
					<enum name="interaction_target_type" value="entity" />
					<template_reference name="node_list_option" value="options\none">
					</template_reference>
					<bool name="block_pathing_when_interacted" value="False" />
				</group>
			</list>
		</template_reference>
		<template_reference name="exts" value="ebpextensions\statemodel_ext" List.ItemID="173511427">
			<instance_reference name="schema" value="statemodel_schema\buildings\keep" />
		</template_reference>
		<template_reference name="exts" value="ebpextensions\action_tree_ext" List.ItemID="-1189736940">
			<state_tree_node name="ActionTree_OpeningBranch" value="unit_building" />
			<bool name="start_suspended" value="False" />
			<state_tree_node name="fallback_default_move_command_conditions" value="" />
			<list name="events">
			</list>
			<enum name="stop_on_death" value="Default" />
		</template_reference>
		<template_reference name="exts" value="ebpextensions\animation_action_tree_ext" List.ItemID="1624803511">
			<state_tree_node name="ActionTree_OpeningBranch" value="building" />
			<bool name="use_root_motion" value="True" />
			<bool name="start_suspended" value="False" />
			<enum name="entity_statetree_sort_tag" value="Default" />
			<float name="speed_scale_threshold" value="100" />
			<string name="default_animation" value="" />
		</template_reference>
		<template_reference name="exts" value="ebpextensions\entity_targeting_ext" List.ItemID="-1728611946">
			<bool name="allow_weapon_target_scanning" value="False" />
			<int name="history_size" value="2" />
			<bool name="allow_entity_scan_close_enemies" value="False" />
		</template_reference>
		<template_reference name="exts" value="ebpextensions\tier_ext" List.ItemID="667196650">
			<list name="tier_group_list" overrideParent="True">
				<list name="tier_group" List.ItemID="253323784">
					<group name="tier" List.ItemID="-1186181297">
						<list name="tier_requirements">
						</list>
						<instance_reference name="attachments" value="attachments\attachment_lists\civilizations\abbasid\buildings\defense_keep_abb\tier3_keep_control_abb" overrideParent="True" />
						<template_reference name="statetree_tier_reached_actions" value="state_tree_reference_info">
							<state_tree_node name="ActionTree_OpeningBranch" value="" />
							<bool name="start_suspended" value="False" />
						</template_reference>
						<instance_reference name="statetree_tier_requirements_pbg" value="" />
						<instance_reference name="statetree_tier_pgb_upgrade_target_entity" value="" />
						<instance_reference name="statetree_tier_pgb_upgrade_target_squad" value="" />
						<string name="tier_attachment_action" value="" />
						<template_reference name="blueprint_conversion_parameters" value="blueprint_conversion_parameters">
							<bool name="reissue_commands" value="False" />
							<bool name="continue_state_trees" value="False" />
							<bool name="remove_from_pending_deaths" value="False" />
						</template_reference>
						<string name="inventory_category_to_refresh_on_tier_up" value="" />
					</group>
				</list>
				<list name="tier_group" overrideParent="True" List.ItemID="-648475785">
					<group name="tier" List.ItemID="1505949399">
						<list name="tier_requirements">
						</list>
						<instance_reference name="attachments" value="attachments\attachment_lists\civilizations\english\outskirts\military\keep" overrideParent="True" />
						<template_reference name="statetree_tier_reached_actions" value="state_tree_reference_info">
							<state_tree_node name="ActionTree_OpeningBranch" value="" />
							<bool name="start_suspended" value="False" />
						</template_reference>
						<instance_reference name="statetree_tier_requirements_pbg" value="" />
						<instance_reference name="statetree_tier_pgb_upgrade_target_entity" value="" />
						<instance_reference name="statetree_tier_pgb_upgrade_target_squad" value="" />
						<string name="tier_attachment_action" value="" />
						<template_reference name="blueprint_conversion_parameters" value="blueprint_conversion_parameters">
							<bool name="reissue_commands" value="False" />
							<bool name="continue_state_trees" value="False" />
							<bool name="remove_from_pending_deaths" value="False" />
						</template_reference>
						<string name="inventory_category_to_refresh_on_tier_up" value="" />
					</group>
				</list>
			</list>
		</template_reference>
		<template_reference name="exts" value="ebpextensions\hit_react_tree_ext" List.ItemID="-1707044556">
			<state_tree_node name="ActionTree_OpeningBranch" value="building_hit_tree" />
		</template_reference>
		<template_reference name="exts" value="ebpextensions\speech_ext" List.ItemID="1090373493">
			<string name="speaker_code" value="" />
			<group name="speech_parameters">
				<string name="class_code" value="" />
				<string name="name_code" value="" />
				<string name="unit_code" value="" />
			</group>
			<int name="importance" value="25" />
		</template_reference>
		<template_reference name="exts" value="ebpextensions\road_ext" List.ItemID="802794463">
			<list name="roads">
				<template_reference name="road" value="roads\road_properties" List.ItemID="-811671703">
					<instance_reference name="required_upgrade" value="upgrade\dev\ages\dark_age" />
					<list name="curb_splines">
					</list>
					<list name="road_splines">
						<template_reference name="road_spline" value="options\placement\spline\placement_spline_strip_option" List.ItemID="-1500731590">
							<int name="draw_sort_order" value="0" />
							<float name="end_fade" value="0.4" />
							<float name="width" value="3" />
							<int name="texture_tiling" value="1" />
							<file name="texture_filename" value="civilizations\dirt\road_4m_dirt_trail_a" />
						</template_reference>
					</list>
				</template_reference>
				<template_reference name="road" value="roads\road_properties" List.ItemID="183053204">
					<instance_reference name="required_upgrade" value="upgrade\dev\ages\feudal_age" />
					<list name="curb_splines">
					</list>
					<list name="road_splines">
						<template_reference name="road_spline" value="options\placement\spline\placement_spline_strip_option" List.ItemID="-331052639">
							<int name="draw_sort_order" value="0" />
							<float name="end_fade" value="0.2" />
							<float name="width" value="3" />
							<int name="texture_tiling" value="1" />
							<file name="texture_filename" value="civilizations\roads\roads_eng_common_a_age_02_3m" />
						</template_reference>
					</list>
				</template_reference>
				<template_reference name="road" value="roads\road_properties" List.ItemID="-1591543860">
					<instance_reference name="required_upgrade" value="upgrade\dev\ages\castle_age" />
					<list name="curb_splines">
					</list>
					<list name="road_splines">
						<template_reference name="road_spline" value="options\placement\spline\placement_spline_strip_option" List.ItemID="1522331393">
							<int name="draw_sort_order" value="0" />
							<float name="end_fade" value="0.2" />
							<float name="width" value="3" />
							<int name="texture_tiling" value="1" />
							<file name="texture_filename" value="civilizations\roads\roads_eng_common_a_age_03_3m" />
						</template_reference>
					</list>
				</template_reference>
				<template_reference name="road" value="roads\road_properties" List.ItemID="1175617730">
					<instance_reference name="required_upgrade" value="upgrade\dev\ages\imperial_age" />
					<list name="curb_splines">
					</list>
					<list name="road_splines">
						<template_reference name="road_spline" value="options\placement\spline\placement_spline_strip_option" List.ItemID="-836925000">
							<int name="draw_sort_order" value="0" />
							<float name="end_fade" value="0.2" />
							<float name="width" value="3" />
							<int name="texture_tiling" value="1" />
							<file name="texture_filename" value="civilizations\roads\roads_eng_fishscale_a_age_04_3m" />
						</template_reference>
					</list>
				</template_reference>
			</list>
		</template_reference>
		<template_reference name="exts" value="ebpextensions\marker_ext" List.ItemID="714087091">
		</template_reference>
		<template_reference name="exts" value="ebpextensions\boundary_cells_ext" List.ItemID="1005332180">
			<list name="additional_boundary_simboxes">
			</list>
			<list name="waypoint_caching">
			</list>
			<bool name="allow_cells_across_impasse" value="True" />
			<bool name="allow_cells_on_wall" value="True" />
			<list name="center_cells">
			</list>
		</template_reference>
		<template_reference name="exts" value="ebpextensions\audio_ext" List.ItemID="1706713258">
			<list name="rtpc_events">
			</list>
			<list name="sound_banks">
			</list>
			<string name="single_select_event" value="sfx_building_defense_keep_selection_play" />
			<int name="music_importance" value="40" />
			<int name="combat_importance" value="-40" />
			<list name="select_audible_to_relation_list">
			</list>
		</template_reference>
		<template_reference name="exts" value="ebpextensions\trigger_volume_ext" List.ItemID="40550119">
		</template_reference>
		<template_reference name="exts" value="ebpextensions\district_bonuses_ext" List.ItemID="-1035125011">
			<bool name="update_on_upgrade_changed" value="False" />
			<bool name="update_on_construction_complete" value="True" overrideParent="True" />
			<list name="district_bonuses" overrideParent="True">
				<template_reference name="district_bonus" value="district_bonus" comment="population" List.ItemID="-1098373414">
					<template_reference name="requirement" value="options\ebpextensions\districtbonusesext\requirements\district_bonus_entity_requirement">
						<list name="dynamic_requirements" overrideParent="True">
						</list>
						<list name="satisfying_entity_groups" overrideParent="True">
							<group name="satisfying_entity_group" comment="Place of Knowledge&#xD;&#xA;" overrideParent="True" List.ItemID="242323949">
								<list name="satisfying_entities">
									<instance_reference name="entity" value="ebps\races\abbasid\buildings\building_house_of_wisdom_control_abb" overrideParent="True" List.ItemID="-2106983926" />
								</list>
							</group>
						</list>
					</template_reference>
					<uniqueid name="id" value="1073741837" />
					<template_reference name="action_tree" value="state_tree_reference_info">
						<state_tree_node name="ActionTree_OpeningBranch" value="influence_bonus_abb" overrideParent="True" />
						<bool name="start_suspended" value="False" overrideParent="True" />
					</template_reference>
				</template_reference>
			</list>
		</template_reference>
		<template_reference name="exts" value="ebpextensions\district_generator_ext" List.ItemID="1992509214">
			<float name="range_metres" value="4" overrideParent="True" />
			<bool name="is_root_generator" value="False" overrideParent="True" />
			<int name="generator_value" value="1" overrideParent="True" />
			<bool name="disable_generation_on_spawn" value="False" />
			<int name="district_palette_id" value="0" />
		</template_reference>
		<template_reference name="exts" value="ebpextensions\building_presentation_ext" List.ItemID="-1454103829">
			<file name="construction_stamp" value="art\stamps\scaffolding\west\west_keep" />
		</template_reference>
	</list>
	<uniqueid name="pbgid" value="199622" />
	<instance_reference name="parent_pbg" value="ebps\races\core\buildings\building_defense_keep" />
</instance>