<instance version="4" description="English Imperial Age Archer" template="ebps">
	<list name="extensions">
		<template_reference name="exts" value="ebpextensions\entity_blueprint_ext" List.ItemID="-914024362" List.ParentItemID="-914024362">
			<bool name="browsable_in_editor" value="True" overrideParent="True" />
		</template_reference>
		<template_reference name="exts" value="ebpextensions\action_apply_ext" List.ItemID="729861296" List.ParentItemID="729861296">
			<list name="action_state_trees">
				<group name="container" List.ItemID="727788669" List.ParentItemID="727788669">
					<string name="state_tree" value="unit_action_apply\units\archer\audio\eng\4" overrideParent="True" />
				</group>
			</list>
		</template_reference>
		<template_reference name="exts" value="ebpextensions\cost_ext" List.ItemID="1894599391" List.ParentItemID="1894599391">
			<group name="time_cost">
				<enum_table name="cost">
					<float name="food" value="40" overrideParent="True" />
				</enum_table>
				<float name="time_seconds" value="5" overrideParent="True" />
			</group>
		</template_reference>
		<template_reference name="exts" value="ebpextensions\sight_ext" List.ItemID="-561587137" List.ParentItemID="-561587137">
			<group name="sight_package">
				<float name="inner_radius" value="20" overrideParent="True" />
				<float name="outer_radius" value="44" overrideParent="True" />
			</group>
		</template_reference>
		<template_reference name="exts" value="ebpextensions\type_ext" List.ItemID="-1451740830" List.ParentItemID="-1451740830">
			<list name="unit_type_list" overrideParent="True">
				<enum name="unit_type" value="military" List.ItemID="-1943280376" />
				<enum name="unit_type" value="archer" List.ItemID="-507492902" />
				<enum name="unit_type" value="human" List.ItemID="-25578460" />
				<enum name="unit_type" value="infantry" List.ItemID="310483489" />
				<enum name="unit_type" value="longbow" List.ItemID="-497892052" />
				<enum name="unit_type" value="ranged" List.ItemID="-689615737" />
				<enum name="unit_type" value="formational" List.ItemID="-142264753" />
				<enum name="unit_type" value="annihilation_condition" List.ItemID="-1766475489" />
			</list>
			<list name="race_type_list" overrideParent="True">
				<instance_reference name="race_type" value="racebps\english" List.ItemID="-1348074834" />
			</list>
		</template_reference>
		<template_reference name="exts" value="ebpextensions\combat_ext" List.ItemID="1786737891" List.ParentItemID="1786737891">
			<list name="hardpoints">
				<group name="hardpoint" List.ItemID="-1929829615" List.ParentItemID="-1929829615">
					<list name="weapon_table" overrideParent="True">
						<group name="weapon" List.ItemID="1973424547">
							<group name="heading">
								<float name="x" value="0" />
								<float name="y" value="0" />
								<float name="z" value="1" />
							</group>
							<float name="length" value="0" />
							<group name="origin" overrideParent="True">
								<float name="x" value="0" />
								<float name="y" value="1.75" />
								<float name="z" value="1" />
							</group>
							<enum name="type" value="default" />
							<template_reference name="weapon_entity_attachment" value="" overrideParent="True">
							</template_reference>
							<template_reference name="non_entity_weapon_wrapper" value="non_entity_weapon_wrapper" overrideParent="True">
								<instance_reference name="non_entity_weapon_wrapper_pbg" value="weapon\races\english\ranged\weapon_archer_4_eng" overrideParent="True" />
								<instance_reference name="animator_attachments" value="attachments\attachment_lists\races\english\weapons\wpn_range_archer_4_eng" overrideParent="True" />
								<string name="marker_name_parent" value="MetaRig_LArmPalmSocket" overrideParent="True" />
							</template_reference>
						</group>
						<group name="weapon" List.ItemID="11826236">
							<group name="heading">
								<float name="x" value="0" />
								<float name="y" value="0" />
								<float name="z" value="1" />
							</group>
							<float name="length" value="0" />
							<group name="origin" overrideParent="True">
								<float name="x" value="0" />
								<float name="y" value="1.75" />
								<float name="z" value="1" />
							</group>
							<enum name="type" value="default" />
							<template_reference name="weapon_entity_attachment" value="" overrideParent="True">
							</template_reference>
							<template_reference name="non_entity_weapon_wrapper" value="non_entity_weapon_wrapper" overrideParent="True">
								<instance_reference name="non_entity_weapon_wrapper_pbg" value="weapon\races\english\ranged\weapon_longbowman_incendiary_4" overrideParent="True" />
								<instance_reference name="animator_attachments" value="attachments\attachment_lists\races\english\weapons\wpn_range_archer_4_eng" overrideParent="True" />
								<string name="marker_name_parent" value="MetaRig_LArmPalmSocket" overrideParent="True" />
							</template_reference>
						</group>
						<group name="weapon" List.ItemID="-1972693648">
							<group name="heading">
								<float name="x" value="0" />
								<float name="y" value="0" />
								<float name="z" value="1" />
							</group>
							<float name="length" value="0" />
							<group name="origin" overrideParent="True">
								<float name="x" value="0" />
								<float name="y" value="1.75" />
								<float name="z" value="1" />
							</group>
							<enum name="type" value="default" />
							<template_reference name="weapon_entity_attachment" value="" overrideParent="True">
							</template_reference>
							<template_reference name="non_entity_weapon_wrapper" value="non_entity_weapon_wrapper" overrideParent="True">
								<instance_reference name="non_entity_weapon_wrapper_pbg" value="weapon\races\common\melee\weapon_archer_4_melee" overrideParent="True" />
								<instance_reference name="animator_attachments" value="attachments\attachment_lists\races\core\weapons\wpn_melee_archer_2_melee" overrideParent="True" />
								<string name="marker_name_parent" value="MetaRig_RArmPalmSocket" overrideParent="True" />
							</template_reference>
						</group>
						<group name="weapon" List.ItemID="-1320249640">
							<group name="heading">
								<float name="x" value="0" />
								<float name="y" value="0" />
								<float name="z" value="1" />
							</group>
							<float name="length" value="0" />
							<group name="origin">
								<float name="x" value="0" />
								<float name="y" value="0.5" />
								<float name="z" value="0" />
							</group>
							<enum name="type" value="default" />
							<template_reference name="weapon_entity_attachment" value="" overrideParent="True">
							</template_reference>
							<template_reference name="non_entity_weapon_wrapper" value="non_entity_weapon_wrapper" overrideParent="True">
								<instance_reference name="non_entity_weapon_wrapper_pbg" value="weapon\races\english\melee\weapon_archer_spear_4_eng" overrideParent="True" />
								<instance_reference name="animator_attachments" value="attachments\attachment_lists\races\core\weapons\wpn_melee_spearman_2" overrideParent="True" />
								<string name="marker_name_parent" value="MetaRig_RArmPalmSocket" overrideParent="True" />
							</template_reference>
						</group>
					</list>
				</group>
			</list>
		</template_reference>
		<template_reference name="exts" value="ebpextensions\moving_ext" List.ItemID="891586214" List.ParentItemID="891586214">
			<enum_table name="speed_scaling_table">
				<float name="default_speed" value="4.5" overrideParent="True" />
			</enum_table>
		</template_reference>
		<template_reference name="exts" value="ebpextensions\tier_ext" overrideParent="True" List.ItemID="-935732769" List.ParentItemID="-935732769">
			<list name="tier_group_list" overrideParent="True">
				<list name="tier_group" overrideParent="True" List.ItemID="1459879847">
					<group name="tier" List.ItemID="1884194473">
						<list name="tier_requirements">
						</list>
						<instance_reference name="attachments" value="attachments\attachment_lists\civilizations\english\units\tier4_archer_eng" />
						<template_reference name="statetree_tier_reached_actions" value="state_tree_reference_info">
							<state_tree_node name="ActionTree_OpeningBranch" value="tier_unit_exposure_dca" overrideParent="True" />
							<bool name="start_suspended" value="False" />
						</template_reference>
						<instance_reference name="statetree_tier_requirements_pbg" value="" />
						<instance_reference name="statetree_tier_pgb_upgrade_target_entity" value="" />
						<instance_reference name="statetree_tier_pgb_upgrade_target_squad" value="" />
						<string name="tier_attachment_action" value="" />
						<template_reference name="blueprint_conversion_parameters" value="blueprint_conversion_parameters">
							<bool name="reissue_commands" value="False" />
							<bool name="continue_state_trees" value="True" />
							<bool name="remove_from_pending_deaths" value="False" />
						</template_reference>
						<string name="inventory_category_to_refresh_on_tier_up" value="" />
					</group>
				</list>
			</list>
		</template_reference>
		<template_reference name="exts" value="ebpextensions\upgrade_ext" List.ItemID="-221228543" List.ListAction="Append">
			<bool name="must_be_in_supply" value="False" />
			<float name="number_of_standard_slots" value="0" />
			<list name="standard_upgrades">
			</list>
			<int name="max_queue_size_override" value="-1" />
			<state_tree_node name="production_item_completed_openingbranch" value="" />
		</template_reference>
	</list>
	<uniqueid name="pbgid" value="166280" />
	<instance_reference name="parent_pbg" value="ebps\races\core\units\unit_archer_4" />
</instance>