<instance version="4" description="" template="abilities">
	<group name="ability_bag">
		<enum name="activation" value="toggle" />
		<bool name="can_target_in_fow" value="False" />
		<float name="caster_close_in_distance" value="0" />
		<bool name="casters_can_evacuate" value="False" />
		<enum_table name="cost_to_player">
			<float name="action" value="0" />
			<float name="command" value="0" />
			<float name="popcap" value="0" />
			<float name="food" value="0" />
			<float name="wood" value="0" />
			<float name="stone" value="0" />
			<float name="gold" value="0" />
			<float name="militia_hre" value="0" />
		</enum_table>
		<string name="cursor_ghost_blueprint" value="" />
		<float name="cursor_ghost_blueprint_angle" value="0" />
		<bool name="disable_combat" value="False" />
		<bool name="disable_when_active" value="False" />
		<bool name="enable_in_building" value="False" />
		<bool name="enable_in_vehicle" value="False" />
		<bool name="engage_combat" value="False" />
		<float name="entity_busy_time" value="0" />
		<float name="facing_angle" value="5" />
		<bool name="facing_ignore" value="False" />
		<float name="final_close_in_distance" value="0" />
		<bool name="fire_and_forget" value="False" />
		<bool name="garrison_target" value="False" />
		<bool name="initial_recharge" value="False" />
		<bool name="move_back" value="False" />
		<float name="move_back_distance" value="10" />
		<float name="range" value="0.01" />
		<bool name="range_ignore" value="True" />
		<float name="recharge_time" value="0" />
		<bool name="refundable" value="True" />
		<bool name="require_no_shot_block" value="False" />
		<enum name="shared_timer" value="" />
		<bool name="shared_timer_player_wide" value="False" />
		<enum name="squad_caster" value="all_entities" />
		<enum name="target" value="tp_any" />
		<float name="toggled_recharge_time_off" value="0" />
		<float name="toggled_recharge_time_on" value="0" />
		<group name="ui_cursor">
			<string name="cursor_bad" value="" />
			<string name="cursor_good" value="" />
			<string name="cursor_nonmodal_good" value="" />
		</group>
		<group name="ui_info">
			<locstring name="extra_text" value="11141782" />
			<locstring name="help_text" value="11217679" />
			<string name="hotkey_name" value="Z" />
			<file name="icon_name" value="races\common\units\spearman" />
			<string name="overlay_name" value="" />
			<bool name="reveal_for_decryption" value="False" />
			<locstring name="screen_name" value="11217678" />
			<file name="icon_alternate_name" value="" />
			<locstring name="brief_text" value="0" />
			<locstring name="help_text_alternate" value="0" />
			<locstring name="screen_name_alternate" value="0" />
			<locstring name="screen_name_short" value="0" />
			<string name="debug_text" value="" />
			<string name="tooltip_data_template" value="" />
			<enum name="ui_combine_type" value="intersection" />
			<template_reference name="brief_text_formatter" value="">
			</template_reference>
			<template_reference name="extra_text_formatter" value="">
			</template_reference>
			<template_reference name="help_text_formatter" value="">
			</template_reference>
			<template_reference name="help_text_alternate_formatter" value="">
			</template_reference>
			<template_reference name="screen_name_formatter" value="">
			</template_reference>
			<template_reference name="screen_name_alternate_formatter" value="">
			</template_reference>
			<template_reference name="screen_name_short_formatter" value="">
			</template_reference>
			<string name="sound" value="" />
			<string name="sound_alternative" value="" />
			<template_reference name="ui_info_extended" value="tables\ui_info_ext">
				<template_reference name="command_card_info" value="">
				</template_reference>
				<template_reference name="quick_abilities_info" value="ui_quick_abilities_info">
					<enum name="dpad_position" value="dpad_up" />
					<int name="quick_abilities_page_num" value="0" />
					<int name="quick_abilities_priority" value="1" />
				</template_reference>
				<template_reference name="quick_commands_info" value="ui_quick_commands_info">
					<int name="quick_commands_slot_index" value="0" />
					<enum name="quick_commands_hotkey" value="x_quick_command_y" />
					<int name="quick_commands_priority" value="1" />
				</template_reference>
				<template_reference name="quick_formation_info" value="">
				</template_reference>
				<template_reference name="ping_menu_info" value="">
				</template_reference>
				<enum name="category" value="Military" />
				<template_reference name="quick_commands_launch_hud_info" value="ui_quick_commands_launch_hud_info">
					<enum name="quick_commands_hotkey" value="" />
					<int name="quick_commands_priority" value="-1" />
					<int name="quick_commands_slot_index" value="-1" />
					<enum name="quick_commands_hold_time" value="quick_command_hold_time" />
				</template_reference>
				<template_reference name="relic_radial_menu_info" value="relic_radial_menu\relic_radial_menu_info">
					<instance_reference name="menu" value="relic_radial_menu\relic_radial_menu\default" />
					<int name="nominal_index" value="0" />
					<int name="priority" value="0" />
					<instance_reference name="linked" value="" />
				</template_reference>
				<enum name="observer_type" value="Disabled" />
			</template_reference>
			<locstring name="help_text_controller" value="0" />
			<locstring name="extra_text_controller" value="0" />
		</group>
		<list name="ui_contextual_info">
		</list>
		<locstring name="ui_usage_txt" value="0" />
		<bool name="validate_actions" value="True" />
		<list name="requirements">
			<template_reference name="required" value="requirements\required_constructionstate" List.ItemID="-1095332303">
				<enum name="reason" value="usage_and_display" />
				<locstring name="ui_name" value="0" />
				<bool name="do_construction_completion_check" value="True" />
			</template_reference>
		</list>
		<enum name="ability_super" value="tp_none" />
		<group name="ui_position">
			<int name="ui_position_row" value="1" />
			<int name="ui_position_column" value="1" />
		</group>
		<bool name="ui_mini_map_capture" value="False" />
		<bool name="facing_ignore_during_active" value="False" />
		<instance_reference name="ui_range" value="" />
		<instance_reference name="ui_reticule" value="" />
		<float name="ui_reticule_radius_min" value="1" />
		<float name="ui_reticule_radius_max" value="1" />
		<enum name="pending_ability_out_of_range_behaviour" value="chase" />
		<enum name="ui_ability_group" value="group_primary" />
		<string name="ui_targetable_sm_key" value="" />
		<string name="ui_targetable_on_key" value="" />
		<string name="ui_targetable_off_key" value="" />
		<enum name="ui_targetable_receiver" value="local" />
		<enum name="ui_combine_type" value="intersection" />
		<enum_table name="ui_modal_highlight">
			<bool name="world_sector" value="False" />
			<bool name="map_sector" value="False" />
			<bool name="map_sector_hq_link_extender" value="False" />
		</enum_table>
		<enum name="ui_group_cast_type" value="multi" />
		<list name="requirements_target">
		</list>
		<template_reference name="targeted_ability_option" value="options\none">
		</template_reference>
		<enum name="ui_direction_requirement" value="nondirectional" />
		<instance_reference name="cursor_ghost_ebp" value="" />
		<bool name="can_cast_whilst_constructing" value="False" />
		<list name="requirements_self_recharge">
		</list>
		<bool name="can_cast_outside_active_battle_field" value="False" />
		<enum_table name="cost_to_squad">
			<float name="action" value="0" />
			<float name="command" value="0" />
			<float name="popcap" value="0" />
			<float name="food" value="0" />
			<float name="wood" value="0" />
			<float name="stone" value="0" />
			<float name="gold" value="0" />
			<float name="militia_hre" value="0" />
		</enum_table>
		<bool name="ability_super_event_cue" value="False" />
		<enum name="ui_progress_bar_type" value="auto_bar" />
		<enum name="ui_ability_issue_type" value="Normal" />
		<string name="speech_code" value="" />
		<template_reference name="channeling" value="options\none">
		</template_reference>
		<bool name="can_be_interrupted" value="True" />
		<template_reference name="casting_option" value="options\abilities\casting_ability_option">
			<float name="cast_time" value="0" />
			<bool name="keep_casting_actions_when_channeling" value="False" />
			<bool name="issue_stop_order" value="False" />
			<group name="casting_stop_requirement_overrides">
				<bool name="enable_overrides" value="False" />
				<list name="stop_self_requirements">
				</list>
				<list name="stop_target_requirements">
				</list>
				<state_tree_node name="statetree_node_prereq_stop_self_requirement" value="" />
				<state_tree_node name="statetree_node_prereq_stop_target_requirement" value="" />
			</group>
		</template_reference>
		<template_reference name="proxy_range_option" value="options\none">
		</template_reference>
		<instance_reference name="ability_category" value="" />
		<bool name="always_refund_cost_if_failed" value="False" />
		<instance_reference name="ui_menu" value="" />
		<int name="ui_combine_priority" value="0" />
		<instance_reference name="construction_preview_override" value="" />
		<enum name="statetree_ability_id" value="" />
		<bool name="construction_preview" value="False" />
		<bool name="show_range_reticule_in_contruction_item_preview" value="False" />
		<state_tree_node name="statetree_node_prereq_self_requirement" value="" />
		<state_tree_node name="statetree_node_prereq_target_requirement" value="" />
		<state_tree_node name="statetree_node_prereq_self_recharge_requirement" value="" />
		<state_tree_node name="entity_tree" value="military_school_production_ott\unit_production\spearmen_production" />
		<state_tree_node name="squad_tree" value="" />
		<group name="ability_active_state_tree_group">
			<state_tree_node name="ability_activate_squad_tree" value="" />
			<state_tree_node name="ability_activate_entity_tree" value="" />
			<state_tree_node name="ability_activate_deferred_tree" value="" />
		</group>
		<float name="hold_period" value="0" />
		<bool name="clear_ability_on_blueprint_conversion" value="True" />
		<float name="min_range" value="0" />
		<instance_reference name="ability_description" value="" />
		<enum name="ability_description_storage_index" value="" />
		<int name="default_command_weight_modifier" value="0" />
		<state_tree_node name="global_tree" value="" />
		<bool name="ui_visibility_ignore_prerequisite" value="False" />
		<bool name="use_simbox_to_simbox_range" value="True" />
		<bool name="ui_range_reticule_shows_while_active" value="False" />
		<bool name="can_move_to_cast" value="True" />
		<string name="toggle_ability_group" value="military_school" />
		<bool name="ui_ability_can_display" value="True" />
		<instance_reference name="projectile_for_preview" value="" />
		<float name="can_use_ability_check_interval" value="0.125" />
		<bool name="should_trigger_immediately" value="False" />
		<list name="enable_in_unit_types">
		</list>
		<bool name="ui_range_reticule_can_cast_only" value="False" />
		<bool name="ui_range_reticule_first_caster_only" value="True" />
		<enum name="ui_target_origin_point" value="center" />
		<locstring name="ui_user_prompt_issue_message" value="0" />
		<bool name="ui_range_reticule_enable_team_color" value="False" />
		<bool name="can_passive_ability_create_formation_squad_group" value="False" />
		<bool name="can_cast_again_whilst_pending" value="False" />
		<list name="float_properties">
		</list>
		<list name="int_properties">
		</list>
		<bool name="can_queue_passive_ability" value="False" />
		<string name="ui_click_point_action_key" value="" />
		<bool name="ignore_teardown_on_convert" value="False" />
		<instance_reference name="hotkey_binding" value="hotkeys\hotkey_binding\building_military_school\toggle_spearman" />
		<int name="default_command_additional_rally_weight_modifier" value="0" />
	</group>
	<uniqueid name="pbgid" value="2059122" />
	<instance_reference name="parent_pbg" value="" />
</instance>