<instance version="4" description="" template="ebps">
	<list name="extensions">
		<template_reference name="exts" value="ebpextensions\entity_blueprint_ext" List.ItemID="1544196321" List.ParentItemID="1544196321">
			<instance_reference name="animator_attachments" value="attachments\attachment_lists\civilizations\malian\buildings\defense_outpost_mal\defense_outpost_control_mal" overrideParent="True" />
			<bool name="browsable_in_editor" value="True" overrideParent="True" />
		</template_reference>
		<template_reference name="exts" value="ebpextensions\sight_ext" List.ItemID="462979593" List.ParentItemID="462979593">
			<group name="detect_camouflage">
				<float name="tp_unit" value="12" overrideParent="True" />
			</group>
		</template_reference>
		<template_reference name="exts" value="ebpextensions\type_ext" List.ItemID="-33111220" List.ParentItemID="-33111220">
			<list name="race_type_list" overrideParent="True">
				<instance_reference name="race_type" value="racebps\malian" overrideParent="True" List.ItemID="-1627463819" />
			</list>
			<list name="unit_type_list">
				<enum name="unit_type" value="tax_outpost" List.ItemID="956887581" List.ListAction="Append" />
			</list>
		</template_reference>
		<template_reference name="exts" value="ebpextensions\ui_ext" List.ItemID="-1221151512" List.ParentItemID="-1221151512">
			<file name="icon_name" value="races\malian\buildings\building_toll_outpost" overrideParent="True" />
			<bool name="is_unique_to_race" value="True" overrideParent="True" />
			<template_reference name="help_text_formatter" value="ui_text_formatter" overrideParent="True">
				<list name="formatter_arguments" overrideParent="True">
					<int name="int_value" value="8" overrideParent="True" List.ItemID="-523773701" />
				</list>
				<locstring name="formatter" value="11227992" />
			</template_reference>
		</template_reference>
		<template_reference name="exts" value="ebpextensions\construction_ext" List.ItemID="1700796307" List.ParentItemID="1700796307">
			<instance_reference name="ui_range" value="ui_reticule\weapon_range" overrideParent="True" />
			<bool name="show_ability_range_in_construction_item_preview" value="True" overrideParent="True" />
		</template_reference>
		<template_reference name="exts" value="ebpextensions\spawner_ext" List.ItemID="32036034" List.ParentItemID="32036034">
			<instance_reference name="rally_pass_type" value="pass_types\infantry" overrideParent="True" />
		</template_reference>
		<template_reference name="exts" value="ebpextensions\action_apply_ext" List.ItemID="1012768552" List.ParentItemID="1012768552">
			<list name="action_state_trees">
				<group name="container" List.ItemID="-845828550" List.ParentItemID="-845828550">
					<string name="state_tree" value="building_action_apply\buildings\outpost_action_apply" overrideParent="True" />
				</group>
			</list>
		</template_reference>
		<template_reference name="exts" value="ebpextensions\ability_ext" List.ItemID="-589861990" List.ParentItemID="-589861990">
			<list name="abilities" overrideParent="True">
				<instance_reference name="ability" value="abilities\timed_abilities\civ_core\core_building_scuttle" List.ItemID="1484445329" />
			</list>
		</template_reference>
		<template_reference name="exts" value="ebpextensions\modifier_apply_ext" List.ItemID="-42739401" List.ListAction="Append">
			<list name="modifiers">
			</list>
		</template_reference>
	</list>
	<uniqueid name="pbgid" value="2668497" />
	<instance_reference name="parent_pbg" value="ebps\races\core\buildings\building_defense_outpost" />
</instance>