<instance version="4" description="Chinese Imperial Age Grenadier" template="sbps">
	<list name="extensions">
		<template_reference name="squadexts" value="sbpextensions\squad_blueprint_ext" List.ItemID="-2056667985" List.ParentItemID="-2056667985">
			<bool name="browsable_in_editor" value="True" overrideParent="True" />
		</template_reference>
		<template_reference name="squadexts" value="sbpextensions\squad_ui_ext" List.ItemID="71247335" List.ParentItemID="71247335">
			<list name="race_list">
				<group name="race_data" List.ItemID="1131010880" List.ParentItemID="1131010880">
					<group name="info">
						<file name="icon_name" value="races\chinese\units\grenadier_4" overrideParent="True" />
						<string name="selection_group" value="grenadier" overrideParent="True" />
						<string name="selection_datatemplate" value="UniqueDatatemplate" overrideParent="True" />
						<bool name="is_unique_to_race" value="True" overrideParent="True" />
					</group>
				</group>
			</list>
		</template_reference>
		<template_reference name="squadexts" value="sbpextensions\squad_loadout_ext" overrideParent="True" List.ItemID="-1479400647" List.ParentItemID="-1479400647">
			<list name="unit_list">
				<group name="loadout_data" List.ItemID="763911853">
					<float name="num" value="1" />
					<instance_reference name="type" value="ebps\races\chinese\units\unit_grenadier_4_chi" />
					<list name="unit_attachments">
					</list>
					<bool name="is_default_unit" value="True" />
				</group>
			</list>
			<float name="squad_female_chance" value="0" />
		</template_reference>
		<template_reference name="squadexts" value="sbpextensions\squad_requirement_ext" overrideParent="True" List.ItemID="1598045404" List.ParentItemID="1598045404">
			<list name="requirement_table" overrideParent="True">
				<template_reference name="required" value="requirements\required_player_upgrade" List.ItemID="-1441703667">
					<enum name="reason" value="usage" />
					<locstring name="ui_name" value="0" />
					<bool name="is_present" value="True" />
					<int name="max_completed" value="100" />
					<int name="min_completed" value="1" />
					<instance_reference name="upgrade_name" value="upgrade\dev\ages\imperial_age" overrideParent="True" />
					<bool name="include_queued" value="False" />
					<group name="include_pbg_parenting">
						<bool name="include_child_pbgs" value="False" />
						<bool name="include_parent_pbgs" value="False" />
					</group>
					<bool name="include_completed" value="True" />
				</template_reference>
			</list>
			<state_tree_node name="requirement_statetree" value="" />
		</template_reference>
		<template_reference name="squadexts" value="sbpextensions\squad_type_ext" List.ItemID="-1816252207" List.ParentItemID="-1816252207">
			<list name="squad_race_type_list" overrideParent="True">
				<instance_reference name="squad_race_type" value="racebps\chinese" List.ItemID="-1266957953" />
			</list>
		</template_reference>
		<template_reference name="squadexts" value="sbpextensions\squad_audio_ext" List.ItemID="172878768" List.ParentItemID="172878768">
			<enum name="unit_type" value="grenadier" overrideParent="True" />
			<int name="importance" value="10" overrideParent="True" />
		</template_reference>
		<template_reference name="squadexts" value="sbpextensions\squad_formation_group_ext" List.ItemID="-1225302154" List.ParentItemID="-1225302154">
			<float name="desired_protection_level_in_formation" value="4" overrideParent="True" />
			<instance_reference name="default_formation_group_spot_generator" value="formation_group_spot_generator\land\land_box_fill_spot_generator" overrideParent="True" />
		</template_reference>
	</list>
	<uniqueid name="pbgid" value="156416" />
	<instance_reference name="parent_pbg" value="sbps\races\chinese\unit_grenadier_3_chi" />
</instance>