<instance version="4" description="Chinese Imperial Age Fire Lancer" template="sbps">
	<list name="extensions">
		<template_reference name="squadexts" value="sbpextensions\squad_blueprint_ext" List.ItemID="-2056667985" List.ParentItemID="-2056667985">
			<bool name="browsable_in_editor" value="True" overrideParent="True" />
		</template_reference>
		<template_reference name="squadexts" value="sbpextensions\squad_ui_ext" List.ItemID="-1463089901" List.ParentItemID="-1463089901">
			<list name="race_list">
				<group name="race_data" List.ItemID="-555061488" List.ParentItemID="-555061488">
					<group name="info">
						<file name="icon_name" value="races\chinese\units\firelancer_4" overrideParent="True" />
						<string name="selection_group" value="fire_lancer" overrideParent="True" />
						<enum name="decorator_visibility" value="visible" overrideParent="True" />
						<string name="selection_datatemplate" value="UniqueDatatemplate" overrideParent="True" />
						<bool name="is_unique_to_race" value="True" overrideParent="True" />
					</group>
				</group>
			</list>
		</template_reference>
		<template_reference name="squadexts" value="sbpextensions\squad_loadout_ext" overrideParent="True" List.ItemID="26981830" List.ParentItemID="26981830">
			<list name="unit_list">
				<group name="loadout_data" List.ItemID="-399134649">
					<float name="num" value="1" />
					<instance_reference name="type" value="ebps\races\chinese\units\unit_firelancer_4_chi" />
					<list name="unit_attachments" overrideParent="True">
					</list>
					<bool name="is_default_unit" value="True" />
				</group>
			</list>
			<float name="squad_female_chance" value="0" />
		</template_reference>
		<template_reference name="squadexts" value="sbpextensions\squad_requirement_ext" List.ItemID="2021268" List.ParentItemID="2021268">
			<list name="requirement_table" overrideParent="True">
				<template_reference name="required" value="requirements\required_player_upgrade" List.ItemID="-1028760053">
					<enum name="reason" value="usage" />
					<locstring name="ui_name" value="0" />
					<bool name="is_present" value="True" />
					<int name="max_completed" value="100" />
					<int name="min_completed" value="1" />
					<instance_reference name="upgrade_name" value="upgrade\dev\ages\imperial_age" overrideParent="True" />
					<bool name="include_queued" value="False" />
					<group name="include_pbg_parenting">
						<bool name="include_child_pbgs" value="False" />
						<bool name="include_parent_pbgs" value="False" />
					</group>
					<bool name="include_completed" value="True" />
				</template_reference>
				<template_reference name="required" value="requirements\required_player_upgrade" List.ItemID="562275620">
					<enum name="reason" value="usage_and_display" />
					<locstring name="ui_name" value="0" />
					<bool name="is_present" value="True" overrideParent="True" />
					<int name="max_completed" value="100" />
					<int name="min_completed" value="1" />
					<instance_reference name="upgrade_name" value="upgrade\races\chinese\units\upgrade_unit_firelancer_4_chi" overrideParent="True" />
					<bool name="include_queued" value="False" />
					<group name="include_pbg_parenting">
						<bool name="include_child_pbgs" value="False" />
						<bool name="include_parent_pbgs" value="False" />
					</group>
					<bool name="include_completed" value="True" />
				</template_reference>
			</list>
		</template_reference>
		<template_reference name="squadexts" value="sbpextensions\squad_type_ext" List.ItemID="1957031815" List.ParentItemID="1957031815">
			<list name="squad_race_type_list" overrideParent="True">
				<instance_reference name="squad_race_type" value="racebps\chinese" List.ItemID="622106513" />
			</list>
		</template_reference>
		<template_reference name="squadexts" value="sbpextensions\squad_speech_ext" List.ItemID="797603681" List.ParentItemID="797603681">
			<string name="squad_speaker_code" value="firelancer" overrideParent="True" />
			<list name="age_mapping">
				<int name="age_number" value="3" overrideParent="True" List.ItemID="1484708601" List.ParentItemID="1484708601" />
				<int name="age_number" value="3" overrideParent="True" List.ItemID="-291298734" List.ParentItemID="-291298734" />
			</list>
		</template_reference>
		<template_reference name="squadexts" value="sbpextensions\squad_formation_group_ext" List.ItemID="-1257996388" List.ParentItemID="-1257996388">
			<instance_reference name="default_formation_group_spot_generator" value="formation_group_spot_generator\land\land_box_fill_spot_generator" overrideParent="True" />
		</template_reference>
	</list>
	<uniqueid name="pbgid" value="156313" />
	<instance_reference name="parent_pbg" value="sbps\races\chinese\unit_firelancer_3_chi" />
</instance>