<instance version="4" description="Chinese Castle Age Crossbowman" template="sbps">
	<list name="extensions">
		<template_reference name="squadexts" value="sbpextensions\squad_blueprint_ext" List.ItemID="-2056667985" List.ParentItemID="-2056667985">
			<bool name="browsable_in_editor" value="True" overrideParent="True" />
		</template_reference>
		<template_reference name="squadexts" value="sbpextensions\squad_ui_ext" List.ItemID="-325069985" List.ParentItemID="-325069985">
			<list name="race_list">
				<group name="race_data" List.ItemID="-160513837" List.ParentItemID="-160513837">
					<group name="info">
						<file name="icon_name" value="races\chinese\units\repeater_crossbowman_4" overrideParent="True" />
						<string name="selection_group" value="repeater_crossbow" overrideParent="True" />
						<bool name="is_unique_to_race" value="True" overrideParent="True" />
					</group>
				</group>
			</list>
		</template_reference>
		<template_reference name="squadexts" value="sbpextensions\squad_loadout_ext" List.ItemID="651052927" List.ParentItemID="651052927">
			<list name="unit_list">
				<group name="loadout_data" List.ItemID="-759712198" List.ParentItemID="-759712198">
					<instance_reference name="type" value="ebps\races\chinese\units\unit_repeater_crossbowman_4_chi" overrideParent="True" />
				</group>
			</list>
		</template_reference>
		<template_reference name="squadexts" value="sbpextensions\squad_requirement_ext" overrideParent="True" List.ItemID="-1448902476" List.ParentItemID="-1448902476">
			<list name="requirement_table" overrideParent="True">
				<template_reference name="required" value="requirements\required_player_upgrade" List.ItemID="-640129228">
					<enum name="reason" value="usage_and_display" />
					<locstring name="ui_name" value="0" />
					<bool name="is_present" value="True" overrideParent="True" />
					<int name="max_completed" value="100" />
					<int name="min_completed" value="1" />
					<instance_reference name="upgrade_name" value="upgrade\races\chinese\units\upgrade_unit_repeater_crossbow_4_chi" overrideParent="True" />
					<bool name="include_queued" value="False" />
					<group name="include_pbg_parenting">
						<bool name="include_child_pbgs" value="False" />
						<bool name="include_parent_pbgs" value="False" />
					</group>
					<bool name="include_completed" value="True" />
				</template_reference>
			</list>
			<state_tree_node name="requirement_statetree" value="" />
		</template_reference>
		<template_reference name="squadexts" value="sbpextensions\squad_engineer_ext" List.ItemID="-1571858287" List.ParentItemID="-1571858287">
			<list name="construction_groups">
				<group name="construction_group" List.ItemID="-373616448" List.ParentItemID="-373616448">
					<list name="construction_items">
						<group name="construction_item" List.ItemID="1250814574" List.ParentItemID="1250814574">
							<instance_reference name="ebp" value="ebps\races\chinese\units\unit_ram_3_chi" overrideParent="True" />
						</group>
						<group name="construction_item" List.ItemID="326558624" List.ParentItemID="326558624">
							<instance_reference name="ebp" value="ebps\races\chinese\units\unit_siege_tower_3_chi" overrideParent="True" />
						</group>
					</list>
				</group>
			</list>
		</template_reference>
		<template_reference name="squadexts" value="sbpextensions\squad_formation_group_ext" List.ItemID="-251789960" List.ParentItemID="-251789960">
			<float name="desired_protection_level_in_formation" value="4.15" overrideParent="True" />
			<instance_reference name="default_formation_group_spot_generator" value="formation_group_spot_generator\land\land_box_fill_spot_generator" overrideParent="True" />
		</template_reference>
	</list>
	<uniqueid name="pbgid" value="166631" />
	<instance_reference name="parent_pbg" value="sbps\races\chinese\unit_repeater_crossbowman_3_chi" />
</instance>