<instance version="4" description="" template="ebps">
	<list name="extensions">
		<template_reference name="exts" value="ebpextensions\entity_blueprint_ext" List.ItemID="1641161532">
			<file name="alternate_sua" value="" />
			<bool name="always_revealed_in_fow" value="False" />
			<bool name="is_visible_in_game" value="True" />
			<int name="precise_size" value="1" />
			<enum name="default_spawn_type" value="" />
			<instance_reference name="unit_badge" value="" />
			<bool name="is_spawned_when_not_in_interactive_area" value="True" />
			<bool name="is_wreck" value="False" />
			<instance_reference name="animator_attachments" value="attachments\attachment_lists\races\sultanate\units\unit_war_elephant_tower_archer_4_sul" />
			<float name="animator_scale" value="122" />
			<bool name="browsable_in_editor" value="True" />
			<float name="entity_scale" value="100" />
			<enum name="subclass_type" value="Unit" />
		</template_reference>
		<template_reference name="exts" value="ebpextensions\animation_action_tree_ext" List.ItemID="1854421068">
			<state_tree_node name="ActionTree_OpeningBranch" value="rider" />
			<bool name="use_root_motion" value="False" />
			<bool name="start_suspended" value="False" />
			<enum name="entity_statetree_sort_tag" value="rider" />
			<float name="speed_scale_threshold" value="100" />
			<string name="default_animation" value="" />
		</template_reference>
		<template_reference name="exts" value="ebpextensions\tier_ext" List.ItemID="889300608">
			<list name="tier_group_list">
				<list name="tier_group" List.ItemID="134525775">
					<group name="tier" List.ItemID="-2025703337">
						<list name="tier_requirements">
						</list>
						<instance_reference name="attachments" value="attachments\attachment_lists\civilizations\sultanate\units\tier4_war_elephant_tower_archer_sul" />
						<template_reference name="statetree_tier_reached_actions" value="state_tree_reference_info">
							<state_tree_node name="ActionTree_OpeningBranch" value="" />
							<bool name="start_suspended" value="False" />
						</template_reference>
						<instance_reference name="statetree_tier_requirements_pbg" value="" />
						<instance_reference name="statetree_tier_pgb_upgrade_target_entity" value="" />
						<instance_reference name="statetree_tier_pgb_upgrade_target_squad" value="" />
						<string name="tier_attachment_action" value="" />
						<template_reference name="blueprint_conversion_parameters" value="blueprint_conversion_parameters">
							<bool name="reissue_commands" value="False" />
							<bool name="continue_state_trees" value="True" />
							<bool name="remove_from_pending_deaths" value="False" />
						</template_reference>
						<string name="inventory_category_to_refresh_on_tier_up" value="" />
					</group>
				</list>
			</list>
		</template_reference>
		<template_reference name="exts" value="ebpextensions\action_tree_ext" List.ItemID="-1152340048">
			<state_tree_node name="ActionTree_OpeningBranch" value="unit_rider" />
			<bool name="start_suspended" value="False" />
			<state_tree_node name="fallback_default_move_command_conditions" value="" />
			<list name="events">
			</list>
			<enum name="stop_on_death" value="Default" />
		</template_reference>
		<template_reference name="exts" value="ebpextensions\entity_targeting_ext" List.ItemID="-348901083">
			<bool name="allow_weapon_target_scanning" value="False" />
			<int name="history_size" value="2" />
			<bool name="allow_entity_scan_close_enemies" value="False" />
		</template_reference>
		<template_reference name="exts" value="ebpextensions\moving_ext" List.ItemID="1892623535">
			<float name="acceleration" value="-1" />
			<float name="deceleration" value="-1" />
			<float name="high_path_look_ahead_max_dist" value="10" />
			<bool name="orient_to_terrain" value="False" />
			<instance_reference name="pass_type" value="pass_types\vehicle" />
			<float name="rotation_rate" value="10000" />
			<bool name="smooth_path" value="True" />
			<instance_reference name="turn_plan" value="turn_plan\human" />
			<float name="on_land_overturn_scale" value="0" />
			<enum name="motion_tree_movement_direction_count" value="2" />
			<int name="right_of_way_priority" value="-1" />
			<bool name="use_prediction" value="False" />
			<bool name="reduce_clipping_by_slowing_other" value="False" />
			<template_reference name="walker_option" value="options\none">
			</template_reference>
			<enum name="motion_tree_pivot_animations_count" value="0" />
			<bool name="motion_tree_atomic_pivot_anim" value="False" />
			<template_reference name="skimmer_option" value="options\none">
			</template_reference>
			<bool name="can_path_into_blocked_cover" value="False" />
			<template_reference name="convertible_dynamics_option" value="options\none">
			</template_reference>
			<template_reference name="pathfinding_option" value="options\ebpextensions\movingext\pathfinding_option">
				<bool name="can_path_through_allies" value="True" />
				<int name="path_blocking_priority" value="0" />
				<bool name="right_of_way_evacuate_in_combat_allies" value="True" />
				<float name="right_of_way_allies_time_in_combat_seconds" value="5" />
			</template_reference>
			<bool name="motion_tree_strafing_anim" value="False" />
			<enum_table name="speed_levels">
				<float name="speed_level_0" value="3" />
				<float name="speed_level_1" value="4.5" />
				<float name="speed_level_2" value="6" />
				<float name="speed_level_3" value="6.5" />
				<float name="speed_level_4" value="6.5" />
			</enum_table>
			<float name="melee_move_tolerance" value="0" />
			<instance_reference name="navigation_agent_info" value="" />
			<bool name="can_evacuate_enemy_unit" value="False" />
			<instance_reference name="pass_type_destination" value="" />
			<enum_table name="speed_scaling_table">
				<float name="min_speed" value="0" />
				<float name="default_speed" value="3" />
				<float name="max_speed" value="8" />
			</enum_table>
			<enum name="snap_to_surface_type" value="GroundOrWalkable" />
			<float name="turn_in_place_distance" value="0" />
		</template_reference>
		<template_reference name="exts" value="ebpextensions\type_ext" List.ItemID="956590288">
			<list name="unit_type_list">
				<enum name="unit_type" value="military" List.ItemID="1507003162" />
				<enum name="unit_type" value="rider" List.ItemID="-382599894" />
				<enum name="unit_type" value="elephant_archer" List.ItemID="1746232647" />
				<enum name="unit_type" value="ranged" List.ItemID="-2079529600" />
				<enum name="unit_type" value="archer" List.ItemID="-547181975" />
				<enum name="unit_type" value="crew_archer_01" List.ItemID="1783247736" />
				<enum name="unit_type" value="annihilation_condition" List.ItemID="-1915083031" />
			</list>
			<enum name="weapon_targeting" value="no_targeting" />
			<bool name="intersection_testing" value="False" />
			<list name="race_type_list">
				<instance_reference name="race_type" value="racebps\sultanate" List.ItemID="1543057669" />
			</list>
			<list name="attack_target_restriction_on_attacker">
			</list>
			<list name="attack_target_restriction_on_victim">
				<enum name="unit_type" value="stone_wall" List.ItemID="-943629503" />
			</list>
			<enum_table name="weapon_category_targeting_filter">
				<bool name="1melee" value="True" />
				<bool name="2ranged" value="True" />
				<bool name="3siege" value="False" />
				<bool name="4charge" value="True" />
				<bool name="5brace" value="True" />
				<bool name="6auto_ability_cast" value="True" />
				<bool name="7single_cast_ability" value="True" />
				<bool name="8dummy" value="False" />
				<bool name="9idle" value="True" />
			</enum_table>
			<list name="unit_type_list_selection_keybind_only">
			</list>
			<list name="unit_type_list_ui_appear_as_only">
			</list>
		</template_reference>
		<template_reference name="exts" value="ebpextensions\combat_ext" comment="Horse and rider entities require identical combat_ext values. Keep them in sync." List.ItemID="1822221191">
			<bool name="reject_attack_command" value="False" />
			<list name="hardpoints">
				<group name="hardpoint" List.ItemID="-242359635">
					<float name="parent_hardpoint" value="-1" />
					<list name="weapon_table">
						<group name="weapon" List.ItemID="-753242905">
							<group name="heading">
								<float name="x" value="0" />
								<float name="y" value="0" />
								<float name="z" value="1" />
							</group>
							<float name="length" value="0" />
							<group name="origin">
								<float name="x" value="0" />
								<float name="y" value="1.66" />
								<float name="z" value="0.75" />
							</group>
							<enum name="type" value="default" />
							<template_reference name="weapon_entity_attachment" value="">
							</template_reference>
							<template_reference name="non_entity_weapon_wrapper" value="non_entity_weapon_wrapper">
								<instance_reference name="non_entity_weapon_wrapper_pbg" value="weapon\races\sultanate\ranged\weapon_war_elephant_tower_archer_4_sul" />
								<instance_reference name="animator_attachments" value="attachments\attachment_lists\races\sultanate\weapons\wpn_range_war_elephant_tower_archer_4_sul" />
								<string name="marker_name_parent" value="MetaRig_LArmPalmSocket" />
							</template_reference>
						</group>
						<group name="weapon" List.ItemID="-713097215">
							<group name="heading">
								<float name="x" value="0" />
								<float name="y" value="0" />
								<float name="z" value="1" />
							</group>
							<float name="length" value="0" />
							<group name="origin">
								<float name="x" value="0" />
								<float name="y" value="0.5" />
								<float name="z" value="0" />
							</group>
							<enum name="type" value="default" />
							<template_reference name="weapon_entity_attachment" value="">
							</template_reference>
							<template_reference name="non_entity_weapon_wrapper" value="non_entity_weapon_wrapper">
								<instance_reference name="non_entity_weapon_wrapper_pbg" value="weapon\races\sultanate\ranged\weapon_torch_elephant_archer_sul" />
								<instance_reference name="animator_attachments" value="attachments\attachment_lists\races\sultanate\weapons\wpn_siege_torch_sul" />
								<string name="marker_name_parent" value="MetaRig_RArmPalmSocket" />
							</template_reference>
						</group>
						<group name="weapon" List.ItemID="-256795747">
							<group name="heading">
								<float name="x" value="0" />
								<float name="y" value="0" />
								<float name="z" value="1" />
							</group>
							<float name="length" value="0" />
							<group name="origin">
								<float name="x" value="0" />
								<float name="y" value="0.5" />
								<float name="z" value="0" />
							</group>
							<enum name="type" value="default" />
							<template_reference name="weapon_entity_attachment" value="">
							</template_reference>
							<template_reference name="non_entity_weapon_wrapper" value="non_entity_weapon_wrapper">
								<instance_reference name="non_entity_weapon_wrapper_pbg" value="weapon\races\sultanate\ranged\weapon_war_elephant_tower_crossbow_4_sul" />
								<instance_reference name="animator_attachments" value="attachments\attachment_lists\races\sultanate\weapons\wpn_range_crossbow_4_sul" />
								<string name="marker_name_parent" value="MetaRig_RArmPalmSocket" />
							</template_reference>
						</group>
						<group name="weapon" List.ItemID="948187721">
							<group name="heading">
								<float name="x" value="0" />
								<float name="y" value="0" />
								<float name="z" value="1" />
							</group>
							<float name="length" value="0" />
							<group name="origin">
								<float name="x" value="0" />
								<float name="y" value="1.66" />
								<float name="z" value="0.75" />
							</group>
							<enum name="type" value="default" />
							<template_reference name="weapon_entity_attachment" value="">
							</template_reference>
							<template_reference name="non_entity_weapon_wrapper" value="non_entity_weapon_wrapper">
								<instance_reference name="non_entity_weapon_wrapper_pbg" value="weapon\races\common\ranged\weapon_archer_incendiary" />
								<instance_reference name="animator_attachments" value="attachments\attachment_lists\races\core\weapons\wpn_siege_archer_incendiary" />
								<string name="marker_name_parent" value="MetaRig_LArmPalmSocket" />
							</template_reference>
						</group>
						<group name="weapon" List.ItemID="-101251940">
							<group name="heading">
								<float name="x" value="0" />
								<float name="y" value="0" />
								<float name="z" value="1" />
							</group>
							<float name="length" value="0" />
							<group name="origin">
								<float name="x" value="0" />
								<float name="y" value="0.5" />
								<float name="z" value="0" />
							</group>
							<enum name="type" value="default" />
							<template_reference name="weapon_entity_attachment" value="">
							</template_reference>
							<template_reference name="non_entity_weapon_wrapper" value="non_entity_weapon_wrapper">
								<instance_reference name="non_entity_weapon_wrapper_pbg" value="weapon\races\common\ranged\weapon_crossbow_incendiary" />
								<instance_reference name="animator_attachments" value="attachments\attachment_lists\races\core\weapons\wpn_siege_crossbow_incendiary" />
								<string name="marker_name_parent" value="MetaRig_RArmPalmSocket" />
							</template_reference>
						</group>
					</list>
					<bool name="receives_attack_commands" value="True" />
					<string name="base_marker" value="" />
					<list name="preferred_inventory_item_categories">
					</list>
					<list name="firing_offset_markers">
					</list>
					<bool name="initialize_weapons_on_creation" value="True" />
					<string name="offhand_marker" value="" />
				</group>
			</list>
			<int name="sight_hardpoint" value="-1" />
			<float name="block_frontal_arc" value="0" />
			<group name="attack_move">
				<float name="attack_move_targeting_range" value="20" />
				<float name="attack_move_priority_per_distance_meter" value="-1" />
			</group>
			<group name="idle_targeting">
				<float name="idle_priority_per_angle_degree" value="-1.5" />
				<float name="idle_priority_per_distance_meter" value="-1" />
				<float name="idle_targeting_range" value="15" />
				<float name="idle_priority_per_distance_unit_angle_multiplier" value="0" />
			</group>
			<template_reference name="kill_action_tree" value="state_tree_reference_info">
				<state_tree_node name="ActionTree_OpeningBranch" value="" />
				<bool name="start_suspended" value="False" />
			</template_reference>
			<string name="combat_choice_tree" value="entity_combat_manager" />
			<int name="block_melee_blocks_per_sequence" value="0" />
			<int name="block_melee_incoming_attack_sequence_length" value="1" />
			<int name="block_ranged_blocks_per_sequence" value="0" />
			<int name="block_ranged_incoming_attack_sequence_length" value="1" />
			<int name="block_projectile_incoming_attack_sequence_length" value="1" />
			<int name="block_projectile_blocks_per_sequence" value="0" />
			<float name="scan_interval_cached_target_invalid" value="0.5" />
			<float name="scan_interval_cached_target_valid" value="2" />
			<group name="combat_scan_intervals">
				<group name="attack_move_scan_intervals">
					<float name="interval_with_invalid_target" value="1" />
					<float name="interval_with_valid_target" value="2" />
					<float name="interval_with_valid_target_frequent" value="0.5" />
					<float name="frequent_scan_radius" value="0" />
				</group>
				<group name="forced_engagement_scan_intervals">
					<float name="interval_with_invalid_target" value="0.375" />
					<float name="interval_with_valid_target" value="2" />
				</group>
				<group name="idle_scan_intervals">
					<float name="interval_with_invalid_target" value="1" />
					<float name="interval_with_valid_target" value="2" />
					<float name="interval_with_valid_target_frequent" value="0.5" />
					<float name="frequent_scan_radius" value="0" />
				</group>
			</group>
			<bool name="unequip_weapons_on_death" value="True" />
			<bool name="ui_show_most_progressed_weapon_reload" value="False" />
			<list name="target_scanning_priority_override">
			</list>
		</template_reference>
		<template_reference name="exts" value="ebpextensions\sim_entity_ext" List.ItemID="2039478201">
			<float name="rotate_snap" value="90" />
			<bool name="kill_paradrop" value="False" />
			<enum name="transferable" value="None" />
		</template_reference>
		<template_reference name="exts" value="ebpextensions\statemodel_ext" List.ItemID="1132541031">
			<instance_reference name="schema" value="statemodel_schema\units\rider" />
		</template_reference>
		<template_reference name="exts" value="ebpextensions\marker_ext" List.ItemID="-948957485">
		</template_reference>
		<template_reference name="exts" value="ebpextensions\action_apply_ext" List.ItemID="-602350330">
			<list name="action_state_trees">
				<group name="container" List.ItemID="88369486">
					<string name="state_tree" value="unit_action_apply\units\rider" />
				</group>
			</list>
			<bool name="reset_on_load" value="True" />
			<list name="physical_state_trees">
			</list>
			<list name="deferred_action_state_trees">
			</list>
			<list name="action_state_trees_run_once">
			</list>
			<list name="deferred_action_state_trees_run_once">
			</list>
			<list name="physical_state_trees_run_once">
			</list>
		</template_reference>
		<template_reference name="exts" value="ebpextensions\attachment_child_ext" List.ItemID="266455128">
			<template_reference name="on_attach" value="state_tree_reference_info">
				<state_tree_node name="ActionTree_OpeningBranch" value="" />
				<bool name="start_suspended" value="False" />
			</template_reference>
			<template_reference name="on_detach" value="state_tree_reference_info">
				<state_tree_node name="ActionTree_OpeningBranch" value="" />
				<bool name="start_suspended" value="False" />
			</template_reference>
			<bool name="requires_attachment_dynamics" value="True" />
			<bool name="only_update_based_on_initial_attachment_point" value="True" />
			<string name="rotation_rate_degrees_per_second_signed_dca_key" value="" />
		</template_reference>
		<template_reference name="exts" value="ebpextensions\sim_inventory_item_ext" List.ItemID="1944189711">
			<template_reference name="simulation_item" value="sim_inventory_item\sim_inventory_item">
				<int name="capacity_required" value="0" />
				<string name="default_slot" value="" />
				<group name="ownership_attributes">
					<enum name="compatible_owner_type" value="entity" />
					<enum name="ownership_sharing_type" value="single" />
					<float name="drop_on_death_chance" value="0" />
				</group>
				<template_reference name="item_data" value="sim_inventory_item\sim_item_data\attachment_inventory_data">
					<template_reference name="attachment_data" value="options\attachment_types\animator_sim_attachment">
						<file name="animator" value="" />
						<template_reference name="attach_data" value="attachments\attach_data">
							<string name="marker_name_parent" value="" />
							<string name="parent_rigidbody_target_name" value="" />
							<enum name="game_object_attachment_type" value="scenegraph" />
						</template_reference>
						<bool name="add_to_pathfinding" value="False" />
						<enum name="inventory_item_category" value="" />
						<bool name="is_selectable" value="True" />
					</template_reference>
				</template_reference>
				<enum name="category" value="" />
			</template_reference>
		</template_reference>
		<template_reference name="exts" value="ebpextensions\holdable_ext" List.ItemID="-206704429">
			<enum name="holdable" value="hold_cavalry" />
		</template_reference>
		<template_reference name="exts" value="ebpextensions\trigger_volume_ext" List.ItemID="867159670">
		</template_reference>
	</list>
	<uniqueid name="pbgid" value="136205" />
	<instance_reference name="parent_pbg" value="" />
</instance>