<instance version="4" description="Chinese Imperial Age Grenadier" template="ebps">
	<list name="extensions">
		<template_reference name="exts" value="ebpextensions\tier_ext" overrideParent="True" List.ItemID="1185924413" List.ParentItemID="1185924413">
			<list name="tier_group_list" overrideParent="True">
				<list name="tier_group" overrideParent="True" List.ItemID="-1301083733">
					<group name="tier" List.ItemID="1334981535">
						<list name="tier_requirements">
						</list>
						<instance_reference name="attachments" value="attachments\attachment_lists\civilizations\chinese\units\tier4_grenadier_chi" overrideParent="True" />
						<template_reference name="statetree_tier_reached_actions" value="state_tree_reference_info">
							<state_tree_node name="ActionTree_OpeningBranch" value="tier_unit_exposure_dca" overrideParent="True" />
							<bool name="start_suspended" value="False" />
						</template_reference>
						<instance_reference name="statetree_tier_requirements_pbg" value="" />
						<instance_reference name="statetree_tier_pgb_upgrade_target_entity" value="" />
						<instance_reference name="statetree_tier_pgb_upgrade_target_squad" value="" />
						<string name="tier_attachment_action" value="" />
						<template_reference name="blueprint_conversion_parameters" value="blueprint_conversion_parameters">
							<bool name="reissue_commands" value="False" />
							<bool name="continue_state_trees" value="True" />
							<bool name="remove_from_pending_deaths" value="False" />
						</template_reference>
						<string name="inventory_category_to_refresh_on_tier_up" value="" />
					</group>
				</list>
			</list>
		</template_reference>
		<template_reference name="exts" value="ebpextensions\entity_blueprint_ext" List.ItemID="-1149688611" List.ParentItemID="-1149688611">
			<bool name="browsable_in_editor" value="True" overrideParent="True" />
		</template_reference>
		<template_reference name="exts" value="ebpextensions\action_apply_ext" List.ItemID="2051991013" List.ParentItemID="2051991013">
			<list name="action_state_trees">
				<group name="container" List.ItemID="22352128" List.ParentItemID="22352128">
					<string name="state_tree" value="unit_action_apply\units\ranged_infantry_other\audio\grenadier\4" overrideParent="True" />
				</group>
			</list>
		</template_reference>
		<template_reference name="exts" value="ebpextensions\cost_ext" List.ItemID="-213402821" List.ParentItemID="-213402821">
			<group name="time_cost">
				<enum_table name="cost">
					<float name="food" value="120" overrideParent="True" />
					<float name="wood" value="60" overrideParent="True" />
				</enum_table>
				<float name="time_seconds" value="10" overrideParent="True" />
			</group>
		</template_reference>
		<template_reference name="exts" value="ebpextensions\health_ext" List.ItemID="1668115768" List.ParentItemID="1668115768">
			<float name="hitpoints" value="150" overrideParent="True" />
		</template_reference>
		<template_reference name="exts" value="ebpextensions\sight_ext" List.ItemID="-2030837083" List.ParentItemID="-2030837083">
			<group name="sight_package">
				<float name="inner_height" value="10" overrideParent="True" />
				<float name="inner_radius" value="20" overrideParent="True" />
				<float name="outer_height" value="-15" overrideParent="True" />
				<float name="outer_radius" value="50" overrideParent="True" />
			</group>
		</template_reference>
		<template_reference name="exts" value="ebpextensions\type_ext" List.ItemID="1093462611" List.ParentItemID="1093462611">
			<list name="race_type_list" overrideParent="True">
				<instance_reference name="race_type" value="racebps\chinese" List.ItemID="-1801496026" />
			</list>
		</template_reference>
		<template_reference name="exts" value="ebpextensions\combat_ext" List.ItemID="-2012910757" List.ParentItemID="-2012910757">
			<list name="hardpoints">
				<group name="hardpoint" List.ItemID="324594963" List.ParentItemID="324594963">
					<list name="weapon_table">
						<group name="weapon" List.ItemID="1246399721" List.ParentItemID="1246399721">
							<group name="origin">
								<float name="y" value="2" overrideParent="True" />
							</group>
						</group>
					</list>
				</group>
			</list>
		</template_reference>
		<template_reference name="exts" value="ebpextensions\moving_ext" List.ItemID="-917673412" List.ParentItemID="-917673412">
			<enum_table name="speed_scaling_table">
				<float name="default_speed" value="4.5" overrideParent="True" />
			</enum_table>
		</template_reference>
	</list>
	<uniqueid name="pbgid" value="156412" />
	<instance_reference name="parent_pbg" value="ebps\races\chinese\units\unit_grenadier_3_chi" />
</instance>