<instance version="4" description="" template="ebps">
	<list name="extensions">
		<template_reference name="exts" value="ebpextensions\entity_blueprint_ext" List.ItemID="-1291264015" List.ParentItemID="-1291264015">
			<bool name="browsable_in_editor" value="True" overrideParent="True" />
		</template_reference>
		<template_reference name="exts" value="ebpextensions\action_apply_ext" List.ItemID="257961566" List.ParentItemID="257961566">
			<list name="action_state_trees">
				<group name="container" List.ItemID="-1549634169" List.ParentItemID="-1549634169">
					<string name="state_tree" value="unit_action_apply\units\trade_cart\audio\chi" overrideParent="True" />
				</group>
			</list>
		</template_reference>
		<template_reference name="exts" value="ebpextensions\cost_ext" List.ItemID="-195927456" List.ParentItemID="-195927456">
			<group name="time_cost">
				<enum_table name="cost">
					<float name="wood" value="10000" overrideParent="True" />
					<float name="gold" value="10000" overrideParent="True" />
				</enum_table>
			</group>
		</template_reference>
		<template_reference name="exts" value="ebpextensions\population_ext" List.ItemID="1843700163" List.ParentItemID="1843700163">
			<float name="personnel_pop" value="200" overrideParent="True" />
		</template_reference>
		<template_reference name="exts" value="ebpextensions\type_ext" List.ItemID="-26664171" List.ParentItemID="-26664171">
			<list name="race_type_list" overrideParent="True">
				<instance_reference name="race_type" value="racebps\chinese" List.ItemID="-1759136585" />
			</list>
		</template_reference>
		<template_reference name="exts" value="ebpextensions\animation_action_tree_ext" List.ItemID="-1775621726" List.ParentItemID="-1775621726">
			<state_tree_node name="ActionTree_OpeningBranch" value="cavalry" overrideParent="True" />
		</template_reference>
		<template_reference name="exts" value="ebpextensions\tier_ext" List.ItemID="-1178329849" List.ParentItemID="-1178329849">
			<list name="tier_group_list">
				<list name="tier_group" List.ItemID="1503111385" List.ParentItemID="1503111385">
					<group name="tier" List.ItemID="1814506053" List.ParentItemID="1814506053">
						<instance_reference name="attachments" value="attachments\attachment_lists\civilizations\chinese\units\tier2_trade_cart_chi" overrideParent="True" />
					</group>
					<group name="tier" List.ItemID="-323743716" List.ParentItemID="-323743716">
						<instance_reference name="attachments" value="attachments\attachment_lists\civilizations\chinese\units\tier3_trade_cart_chi" overrideParent="True" />
					</group>
					<group name="tier" List.ItemID="-613616508" List.ParentItemID="-613616508">
						<instance_reference name="attachments" value="attachments\attachment_lists\civilizations\chinese\units\tier4_trade_cart_chi" overrideParent="True" />
					</group>
				</list>
			</list>
		</template_reference>
	</list>
	<uniqueid name="pbgid" value="137540" />
	<instance_reference name="parent_pbg" value="ebps\races\core\units\unit_trade_cart" />
</instance>