<instance version="4" description="" template="ebps">
	<list name="extensions">
		<template_reference name="exts" value="ebpextensions\entity_blueprint_ext" List.ItemID="1224369009" List.ParentItemID="1224369009">
			<bool name="browsable_in_editor" value="True" overrideParent="True" />
		</template_reference>
		<template_reference name="exts" value="ebpextensions\action_apply_ext" List.ItemID="1702593007" List.ParentItemID="1702593007">
			<list name="action_state_trees">
				<group name="container" List.ItemID="-2128270272" List.ParentItemID="-2128270272">
					<string name="state_tree" value="unit_action_apply\units\handcannon\audio\chi" overrideParent="True" />
				</group>
			</list>
		</template_reference>
		<template_reference name="exts" value="ebpextensions\cost_ext" List.ItemID="-1028637551" List.ParentItemID="-1028637551">
			<group name="time_cost">
				<float name="time_seconds" value="11" overrideParent="True" />
			</group>
		</template_reference>
		<template_reference name="exts" value="ebpextensions\type_ext" List.ItemID="-78815547" List.ParentItemID="-78815547">
			<list name="race_type_list" overrideParent="True">
				<instance_reference name="race_type" value="racebps\chinese" List.ItemID="639290231" />
			</list>
		</template_reference>
		<template_reference name="exts" value="ebpextensions\combat_ext" List.ItemID="1968019310" List.ParentItemID="1968019310">
			<list name="hardpoints">
				<group name="hardpoint" List.ItemID="-878898247" List.ParentItemID="-878898247">
					<list name="weapon_table">
						<group name="weapon" List.ItemID="-464053615" List.ParentItemID="-464053615">
							<template_reference name="weapon_entity_attachment" value="" overrideParent="True">
							</template_reference>
							<template_reference name="non_entity_weapon_wrapper" value="non_entity_weapon_wrapper" overrideParent="True">
								<instance_reference name="non_entity_weapon_wrapper_pbg" value="weapon\races\common\ranged\weapon_handcannon_4" overrideParent="True" />
								<instance_reference name="animator_attachments" value="attachments\attachment_lists\races\chinese\weapons\wpn_range_handcannon_4_chi" overrideParent="True" />
								<string name="marker_name_parent" value="MetaRig_RArmPalmSocket" overrideParent="True" />
							</template_reference>
						</group>
					</list>
				</group>
			</list>
		</template_reference>
		<template_reference name="exts" value="ebpextensions\tier_ext" List.ItemID="-1761061643" List.ParentItemID="-1761061643">
			<list name="tier_group_list" overrideParent="True">
				<list name="tier_group" overrideParent="True" List.ItemID="2960796">
					<group name="tier" List.ItemID="2059484462">
						<list name="tier_requirements">
						</list>
						<instance_reference name="attachments" value="attachments\attachment_lists\civilizations\chinese\units\tier4_handcannon_chi" />
						<template_reference name="statetree_tier_reached_actions" value="state_tree_reference_info">
							<state_tree_node name="ActionTree_OpeningBranch" value="tier_unit_exposure_dca" overrideParent="True" />
							<bool name="start_suspended" value="False" />
						</template_reference>
						<instance_reference name="statetree_tier_requirements_pbg" value="" />
						<instance_reference name="statetree_tier_pgb_upgrade_target_entity" value="" />
						<instance_reference name="statetree_tier_pgb_upgrade_target_squad" value="" />
						<string name="tier_attachment_action" value="" />
						<template_reference name="blueprint_conversion_parameters" value="blueprint_conversion_parameters">
							<bool name="reissue_commands" value="False" />
							<bool name="continue_state_trees" value="True" />
							<bool name="remove_from_pending_deaths" value="False" />
						</template_reference>
						<string name="inventory_category_to_refresh_on_tier_up" value="" />
					</group>
				</list>
			</list>
		</template_reference>
	</list>
	<uniqueid name="pbgid" value="137503" />
	<instance_reference name="parent_pbg" value="ebps\races\core\units\unit_handcannon_4" />
</instance>