<instance version="4" description="Chinese Castle Age Crossbowman" template="ebps">
	<list name="extensions">
		<template_reference name="exts" value="ebpextensions\entity_blueprint_ext" List.ItemID="-1979743353" List.ParentItemID="-1979743353">
			<bool name="always_revealed_in_fow" value="False" overrideParent="True" />
			<bool name="browsable_in_editor" value="True" overrideParent="True" />
		</template_reference>
		<template_reference name="exts" value="ebpextensions\action_apply_ext" List.ItemID="1380317016" List.ParentItemID="1380317016">
			<list name="action_state_trees">
				<group name="container" List.ItemID="1517188997" List.ParentItemID="1517188997">
					<string name="state_tree" value="unit_action_apply\units\ranged_infantry_other" overrideParent="True" />
				</group>
				<group name="container" List.ItemID="780814334" List.ParentItemID="780814334">
					<string name="state_tree" value="unit_action_apply\units\ranged_infantry_other\audio\repeater_crossbow\4" overrideParent="True" />
				</group>
			</list>
		</template_reference>
		<template_reference name="exts" value="ebpextensions\cost_ext" List.ItemID="289202148" List.ParentItemID="289202148">
			<group name="time_cost">
				<float name="time_seconds" value="5" overrideParent="True" />
			</group>
		</template_reference>
		<template_reference name="exts" value="ebpextensions\health_ext" List.ItemID="2097449255" List.ParentItemID="2097449255">
			<float name="hitpoints" value="95" overrideParent="True" />
		</template_reference>
		<template_reference name="exts" value="ebpextensions\sight_ext" List.ItemID="460727731" List.ParentItemID="460727731">
			<group name="sight_package">
				<float name="inner_radius" value="20" overrideParent="True" />
			</group>
		</template_reference>
		<template_reference name="exts" value="ebpextensions\type_ext" List.ItemID="231008259" List.ParentItemID="231008259">
			<list name="unit_type_list" overrideParent="True">
				<enum name="unit_type" value="military" List.ItemID="-606604183" />
				<enum name="unit_type" value="crossbowman" List.ItemID="-59503595" />
				<enum name="unit_type" value="human" List.ItemID="-1760688498" />
				<enum name="unit_type" value="infantry" List.ItemID="-112382553" />
				<enum name="unit_type" value="ranged" List.ItemID="716158848" />
				<enum name="unit_type" value="formational" List.ItemID="1927437700" />
				<enum name="unit_type" value="dynasty_unit" List.ItemID="-1246585809" />
				<enum name="unit_type" value="annihilation_condition" List.ItemID="-1983257371" />
			</list>
			<list name="race_type_list" overrideParent="True">
				<instance_reference name="race_type" value="racebps\chinese" List.ItemID="-1117886114" />
			</list>
		</template_reference>
		<template_reference name="exts" value="ebpextensions\combat_ext" List.ItemID="-1381607687" List.ParentItemID="-1381607687">
			<list name="hardpoints">
				<group name="hardpoint" List.ItemID="751434855" List.ParentItemID="751434855">
					<list name="weapon_table">
						<group name="weapon" List.ItemID="-1071856729" List.ParentItemID="-1071856729">
							<template_reference name="weapon_entity_attachment" value="" overrideParent="True">
							</template_reference>
							<template_reference name="non_entity_weapon_wrapper" value="non_entity_weapon_wrapper" overrideParent="True">
								<instance_reference name="non_entity_weapon_wrapper_pbg" value="weapon\races\chinese\ranged\weapon_repeater_crossbow_4_chi" overrideParent="True" />
								<instance_reference name="animator_attachments" value="attachments\attachment_lists\races\chinese\weapons\wpn_range_repeater_crossbow_4_chi" overrideParent="True" />
								<string name="marker_name_parent" value="MetaRig_RArmPalmSocket" overrideParent="True" />
							</template_reference>
						</group>
						<group name="weapon" List.ItemID="-485040964" List.ParentItemID="-485040964">
							<template_reference name="weapon_entity_attachment" value="" overrideParent="True">
							</template_reference>
							<template_reference name="non_entity_weapon_wrapper" value="non_entity_weapon_wrapper" overrideParent="True">
								<instance_reference name="non_entity_weapon_wrapper_pbg" value="weapon\races\chinese\ranged\weapon_repeater_crossbow_incendiary_4_chi" overrideParent="True" />
								<instance_reference name="animator_attachments" value="attachments\attachment_lists\races\chinese\weapons\wpn_range_repeater_crossbow_4_chi" overrideParent="True" />
								<string name="marker_name_parent" value="MetaRig_RArmPalmSocket" overrideParent="True" />
							</template_reference>
						</group>
					</list>
				</group>
			</list>
		</template_reference>
		<template_reference name="exts" value="ebpextensions\tier_ext" overrideParent="True" List.ItemID="-1178936770" List.ParentItemID="-1178936770">
			<list name="tier_group_list">
				<list name="tier_group" overrideParent="True" List.ItemID="796851365">
					<group name="tier" List.ItemID="-1623286342">
						<list name="tier_requirements" overrideParent="True">
						</list>
						<instance_reference name="attachments" value="attachments\attachment_lists\civilizations\chinese\units\tier4_repeater_crossbowman_chi" overrideParent="True" />
						<template_reference name="statetree_tier_reached_actions" value="state_tree_reference_info">
							<state_tree_node name="ActionTree_OpeningBranch" value="tier_unit_exposure_dca" overrideParent="True" />
							<bool name="start_suspended" value="False" />
						</template_reference>
						<instance_reference name="statetree_tier_requirements_pbg" value="" overrideParent="True" />
						<instance_reference name="statetree_tier_pgb_upgrade_target_entity" value="" overrideParent="True" />
						<instance_reference name="statetree_tier_pgb_upgrade_target_squad" value="" overrideParent="True" />
						<string name="tier_attachment_action" value="" />
						<template_reference name="blueprint_conversion_parameters" value="blueprint_conversion_parameters">
							<bool name="reissue_commands" value="False" />
							<bool name="continue_state_trees" value="True" />
							<bool name="remove_from_pending_deaths" value="False" />
						</template_reference>
						<string name="inventory_category_to_refresh_on_tier_up" value="" />
					</group>
				</list>
			</list>
		</template_reference>
	</list>
	<uniqueid name="pbgid" value="166627" />
	<instance_reference name="parent_pbg" value="ebps\races\chinese\units\unit_repeater_crossbowman_2_chi" />
</instance>