<instance version="4" description="Chinese Imperial Age Man-at-arms" template="ebps">
	<list name="extensions">
		<template_reference name="exts" value="ebpextensions\entity_blueprint_ext" List.ItemID="-765163162" List.ParentItemID="-765163162">
			<instance_reference name="animator_attachments" value="attachments\attachment_lists\races\core\units\unit_manatarms_two_hand" overrideParent="True" />
			<bool name="browsable_in_editor" value="True" overrideParent="True" />
		</template_reference>
		<template_reference name="exts" value="ebpextensions\action_apply_ext" List.ItemID="-1466211397" List.ParentItemID="-1466211397">
			<list name="action_state_trees">
				<group name="container" List.ItemID="230139408" List.ParentItemID="230139408">
					<string name="state_tree" value="unit_action_apply\units\manatarms\audio\chi\4" overrideParent="True" />
				</group>
			</list>
		</template_reference>
		<template_reference name="exts" value="ebpextensions\cost_ext" List.ItemID="1978222223" List.ParentItemID="1978222223">
			<group name="time_cost">
				<float name="time_seconds" value="7" overrideParent="True" />
			</group>
		</template_reference>
		<template_reference name="exts" value="ebpextensions\health_ext" List.ItemID="118682988" List.ParentItemID="118682988">
			<enum_table name="armor_scaler_by_damage_type">
				<float name="Melee" value="4" overrideParent="True" />
				<float name="Ranged" value="4" overrideParent="True" />
			</enum_table>
		</template_reference>
		<template_reference name="exts" value="ebpextensions\type_ext" List.ItemID="-782585427" List.ParentItemID="-782585427">
			<list name="race_type_list" overrideParent="True">
				<instance_reference name="race_type" value="racebps\chinese" overrideParent="True" List.ItemID="2003165682" />
			</list>
		</template_reference>
		<template_reference name="exts" value="ebpextensions\ui_ext" List.ItemID="835520554" List.ParentItemID="835520554">
			<bool name="is_armoured" value="True" overrideParent="True" />
		</template_reference>
		<template_reference name="exts" value="ebpextensions\combat_ext" List.ItemID="1697644820" List.ParentItemID="1697644820">
			<list name="hardpoints">
				<group name="hardpoint" List.ItemID="1781403471" List.ParentItemID="1781403471">
					<list name="weapon_table" overrideParent="True">
						<group name="weapon" List.ItemID="-925373696">
							<group name="heading">
								<float name="x" value="0" />
								<float name="y" value="0" />
								<float name="z" value="1" />
							</group>
							<float name="length" value="0" />
							<group name="origin">
								<float name="x" value="0" />
								<float name="y" value="0.5" />
								<float name="z" value="0" />
							</group>
							<enum name="type" value="default" />
							<template_reference name="weapon_entity_attachment" value="" overrideParent="True">
							</template_reference>
							<template_reference name="non_entity_weapon_wrapper" value="non_entity_weapon_wrapper" overrideParent="True">
								<instance_reference name="non_entity_weapon_wrapper_pbg" value="weapon\races\chinese\melee\weapon_manatarms_4_chi" overrideParent="True" />
								<instance_reference name="animator_attachments" value="attachments\attachment_lists\races\chinese\weapons\wpn_melee_manatarms_4_chi" overrideParent="True" />
								<string name="marker_name_parent" value="MetaRig_RArmPalmSocket" overrideParent="True" />
							</template_reference>
						</group>
						<group name="weapon" List.ItemID="1771245558">
							<group name="heading">
								<float name="x" value="0" />
								<float name="y" value="0" />
								<float name="z" value="1" />
							</group>
							<float name="length" value="0" />
							<group name="origin">
								<float name="x" value="0" />
								<float name="y" value="0.5" />
								<float name="z" value="0" />
							</group>
							<enum name="type" value="default" />
							<template_reference name="weapon_entity_attachment" value="" overrideParent="True">
							</template_reference>
							<template_reference name="non_entity_weapon_wrapper" value="non_entity_weapon_wrapper" overrideParent="True">
								<instance_reference name="non_entity_weapon_wrapper_pbg" value="weapon\races\common\ranged\weapon_torch" overrideParent="True" />
								<instance_reference name="animator_attachments" value="attachments\attachment_lists\races\chinese\weapons\wpn_siege_torch_chi" overrideParent="True" />
								<string name="marker_name_parent" value="MetaRig_RArmPalmSocket" overrideParent="True" />
							</template_reference>
						</group>
						<group name="weapon" List.ItemID="21419548">
							<group name="heading">
								<float name="x" value="0" />
								<float name="y" value="0" />
								<float name="z" value="1" />
							</group>
							<float name="length" value="0" />
							<group name="origin">
								<float name="x" value="0" />
								<float name="y" value="0.5" />
								<float name="z" value="0" />
							</group>
							<enum name="type" value="default" />
							<template_reference name="weapon_entity_attachment" value="" overrideParent="True">
							</template_reference>
							<template_reference name="non_entity_weapon_wrapper" value="non_entity_weapon_wrapper" overrideParent="True">
								<instance_reference name="non_entity_weapon_wrapper_pbg" value="weapon\races\chinese\melee\weapon_manatarms_4_charge_chi" overrideParent="True" />
								<instance_reference name="animator_attachments" value="attachments\attachment_lists\races\chinese\weapons\wpn_melee_manatarms_4_charge_chi" overrideParent="True" />
								<string name="marker_name_parent" value="MetaRig_RArmPalmSocket" overrideParent="True" />
							</template_reference>
						</group>
					</list>
				</group>
			</list>
		</template_reference>
		<template_reference name="exts" value="ebpextensions\moving_ext" List.ItemID="-559269079" List.ParentItemID="-559269079">
			<enum_table name="speed_scaling_table">
				<float name="default_speed" value="5.5" overrideParent="True" />
			</enum_table>
		</template_reference>
		<template_reference name="exts" value="ebpextensions\tier_ext" overrideParent="True" List.ItemID="1590686263" List.ParentItemID="1590686263">
			<list name="tier_group_list" overrideParent="True">
				<list name="tier_group" overrideParent="True" List.ItemID="-1020601599">
					<group name="tier" List.ItemID="-962030017">
						<list name="tier_requirements" overrideParent="True">
						</list>
						<instance_reference name="attachments" value="attachments\attachment_lists\civilizations\chinese\units\tier4_manatarms_chi" />
						<template_reference name="statetree_tier_reached_actions" value="state_tree_reference_info">
							<state_tree_node name="ActionTree_OpeningBranch" value="tier_unit_exposure_dca" overrideParent="True" />
							<bool name="start_suspended" value="False" />
						</template_reference>
						<instance_reference name="statetree_tier_requirements_pbg" value="" />
						<instance_reference name="statetree_tier_pgb_upgrade_target_entity" value="" />
						<instance_reference name="statetree_tier_pgb_upgrade_target_squad" value="" />
						<string name="tier_attachment_action" value="" />
						<template_reference name="blueprint_conversion_parameters" value="blueprint_conversion_parameters">
							<bool name="reissue_commands" value="False" />
							<bool name="continue_state_trees" value="True" />
							<bool name="remove_from_pending_deaths" value="False" />
						</template_reference>
						<string name="inventory_category_to_refresh_on_tier_up" value="" />
					</group>
				</list>
			</list>
		</template_reference>
	</list>
	<uniqueid name="pbgid" value="137572" />
	<instance_reference name="parent_pbg" value="ebps\races\core\units\unit_manatarms_4" />
</instance>