<instance version="4" description="Chinese Imperial Age Fire Lancer" template="ebps">
	<list name="extensions">
		<template_reference name="exts" value="ebpextensions\tier_ext" overrideParent="True" List.ItemID="-886748455" List.ParentItemID="-886748455">
			<list name="tier_group_list" overrideParent="True">
				<list name="tier_group" overrideParent="True" List.ItemID="-940655261">
					<group name="tier" List.ItemID="1825563884">
						<list name="tier_requirements" overrideParent="True">
						</list>
						<instance_reference name="attachments" value="attachments\attachment_lists\civilizations\chinese\units\tier4_cavalry_firelancer_chi" />
						<template_reference name="statetree_tier_reached_actions" value="state_tree_reference_info">
							<state_tree_node name="ActionTree_OpeningBranch" value="tier_unit_exposure_dca" overrideParent="True" />
							<bool name="start_suspended" value="False" />
						</template_reference>
						<instance_reference name="statetree_tier_requirements_pbg" value="" />
						<instance_reference name="statetree_tier_pgb_upgrade_target_entity" value="" />
						<instance_reference name="statetree_tier_pgb_upgrade_target_squad" value="" />
						<string name="tier_attachment_action" value="" />
						<template_reference name="blueprint_conversion_parameters" value="blueprint_conversion_parameters">
							<bool name="reissue_commands" value="False" />
							<bool name="continue_state_trees" value="True" />
							<bool name="remove_from_pending_deaths" value="False" />
						</template_reference>
						<string name="inventory_category_to_refresh_on_tier_up" value="" />
					</group>
				</list>
			</list>
		</template_reference>
		<template_reference name="exts" value="ebpextensions\entity_blueprint_ext" List.ItemID="-1168257732" List.ParentItemID="-1168257732">
			<bool name="browsable_in_editor" value="True" overrideParent="True" />
		</template_reference>
		<template_reference name="exts" value="ebpextensions\health_ext" List.ItemID="1505310799" List.ParentItemID="1505310799">
			<float name="hitpoints" value="180" overrideParent="True" />
		</template_reference>
		<template_reference name="exts" value="ebpextensions\sight_ext" List.ItemID="-704701565" List.ParentItemID="-704701565">
			<group name="sight_package">
				<float name="inner_height" value="10" overrideParent="True" />
				<float name="inner_radius" value="20" overrideParent="True" />
				<float name="outer_height" value="-15" overrideParent="True" />
				<float name="outer_radius" value="50" overrideParent="True" />
			</group>
		</template_reference>
		<template_reference name="exts" value="ebpextensions\combat_ext" List.ItemID="1704287592" List.ParentItemID="1704287592">
			<list name="hardpoints">
				<group name="hardpoint" List.ItemID="203815215" List.ParentItemID="203815215">
					<list name="weapon_table">
						<group name="weapon" List.ItemID="1539240188" List.ParentItemID="1539240188">
							<template_reference name="weapon_entity_attachment" value="" overrideParent="True">
							</template_reference>
							<template_reference name="non_entity_weapon_wrapper" value="non_entity_weapon_wrapper" overrideParent="True">
								<instance_reference name="non_entity_weapon_wrapper_pbg" value="weapon\races\chinese\melee\weapon_firelancer_4_chi" overrideParent="True" />
								<instance_reference name="animator_attachments" value="attachments\attachment_lists\races\chinese\weapons\wpn_melee_firelancer_4_chi" overrideParent="True" />
								<string name="marker_name_parent" value="metarig_rarmpalmsocket" overrideParent="True" />
							</template_reference>
						</group>
						<group name="weapon" List.ItemID="154380351" List.ParentItemID="154380351">
							<template_reference name="weapon_entity_attachment" value="" overrideParent="True">
							</template_reference>
							<template_reference name="non_entity_weapon_wrapper" value="non_entity_weapon_wrapper" overrideParent="True">
								<instance_reference name="non_entity_weapon_wrapper_pbg" value="weapon\races\chinese\ranged\weapon_torch_strong" overrideParent="True" />
								<instance_reference name="animator_attachments" value="attachments\attachment_lists\races\core\weapons\wpn_siege_torch_weak" overrideParent="True" />
								<string name="marker_name_parent" value="metarig_rarmpalmsocket" overrideParent="True" />
							</template_reference>
						</group>
						<group name="weapon" List.ItemID="-18777223" List.ParentItemID="-18777223">
							<template_reference name="weapon_entity_attachment" value="" overrideParent="True">
							</template_reference>
							<template_reference name="non_entity_weapon_wrapper" value="non_entity_weapon_wrapper" overrideParent="True">
								<instance_reference name="non_entity_weapon_wrapper_pbg" value="weapon\races\chinese\melee\weapon_firelancer_4_charge_chi" overrideParent="True" />
								<instance_reference name="animator_attachments" value="attachments\attachment_lists\races\chinese\weapons\wpn_melee_firelancer_4_charge_chi" overrideParent="True" />
								<string name="marker_name_parent" value="metarig_rarmpalmsocket" overrideParent="True" />
							</template_reference>
						</group>
					</list>
				</group>
			</list>
		</template_reference>
		<template_reference name="exts" value="ebpextensions\action_apply_ext" List.ItemID="-878373563" List.ParentItemID="-878373563">
			<list name="action_state_trees">
				<group name="container" List.ItemID="122628175" List.ParentItemID="122628175">
					<string name="state_tree" value="unit_action_apply\units\cavalry_combined\audio\firelancer\4" overrideParent="True" />
				</group>
			</list>
		</template_reference>
		<template_reference name="exts" value="ebpextensions\cost_ext" List.ItemID="1614561468" List.ParentItemID="1614561468">
			<group name="time_cost">
				<float name="time_seconds" value="7" overrideParent="True" />
			</group>
		</template_reference>
		<template_reference name="exts" value="ebpextensions\type_ext" List.ItemID="-1623248300" List.ParentItemID="-1623248300">
			<list name="race_type_list" overrideParent="True">
				<instance_reference name="race_type" value="racebps\chinese" List.ItemID="-572010659" />
			</list>
		</template_reference>
	</list>
	<uniqueid name="pbgid" value="156273" />
	<instance_reference name="parent_pbg" value="ebps\races\chinese\units\unit_firelancer_3_chi" />
</instance>