<instance version="4" description="Rus castle age horse archer" template="ebps">
	<list name="extensions">
		<template_reference name="exts" value="ebpextensions\entity_blueprint_ext" List.ItemID="1491559579" List.ParentItemID="1491559579">
			<bool name="browsable_in_editor" value="True" overrideParent="True" />
		</template_reference>
		<template_reference name="exts" value="ebpextensions\action_apply_ext" List.ItemID="17356376" List.ParentItemID="17356376">
			<list name="action_state_trees">
				<group name="container" List.ItemID="-1844281038" List.ParentItemID="-1844281038">
					<string name="state_tree" value="unit_action_apply\units\cavalry_archer\audio\rus\4" overrideParent="True" />
				</group>
			</list>
		</template_reference>
		<template_reference name="exts" value="ebpextensions\cost_ext" List.ItemID="1012099503" List.ParentItemID="1012099503">
			<group name="time_cost">
				<enum_table name="cost">
					<float name="food" value="80" overrideParent="True" />
					<float name="wood" value="40" overrideParent="True" />
					<float name="gold" value="0" overrideParent="True" />
				</enum_table>
				<float name="time_seconds" value="7" overrideParent="True" />
			</group>
		</template_reference>
		<template_reference name="exts" value="ebpextensions\health_ext" comment="Horse and rider entities require identical health_ext values. Keep them in sync." List.ItemID="584609974" List.ParentItemID="584609974">
			<float name="hitpoints" value="100" overrideParent="True" />
			<bool name="regeneration_disabled" value="True" overrideParent="True" />
		</template_reference>
		<template_reference name="exts" value="ebpextensions\type_ext" List.ItemID="-2085794998" List.ParentItemID="-2085794998">
			<list name="race_type_list" overrideParent="True">
				<instance_reference name="race_type" value="racebps\rus" List.ItemID="1868678984" />
			</list>
		</template_reference>
		<template_reference name="exts" value="ebpextensions\tier_ext" overrideParent="True" List.ItemID="181591875" List.ParentItemID="181591875">
			<list name="tier_group_list">
				<list name="tier_group" overrideParent="True" List.ItemID="1266575485">
					<group name="tier" List.ItemID="1697379463">
						<list name="tier_requirements" overrideParent="True">
						</list>
						<instance_reference name="attachments" value="attachments\attachment_lists\civilizations\rus\units\tier4_cavalry_horsearcher_rus" />
						<template_reference name="statetree_tier_reached_actions" value="state_tree_reference_info">
							<state_tree_node name="ActionTree_OpeningBranch" value="tier_unit_exposure_dca" overrideParent="True" />
							<bool name="start_suspended" value="False" />
						</template_reference>
						<instance_reference name="statetree_tier_requirements_pbg" value="" />
						<instance_reference name="statetree_tier_pgb_upgrade_target_entity" value="" />
						<instance_reference name="statetree_tier_pgb_upgrade_target_squad" value="" />
						<string name="tier_attachment_action" value="" />
						<template_reference name="blueprint_conversion_parameters" value="blueprint_conversion_parameters">
							<bool name="reissue_commands" value="False" />
							<bool name="continue_state_trees" value="True" />
							<bool name="remove_from_pending_deaths" value="False" />
						</template_reference>
						<string name="inventory_category_to_refresh_on_tier_up" value="" />
					</group>
				</list>
			</list>
		</template_reference>
		<template_reference name="exts" value="ebpextensions\combat_ext" List.ItemID="698418421" List.ParentItemID="698418421">
			<list name="hardpoints">
				<group name="hardpoint" List.ItemID="627415271" List.ParentItemID="627415271">
					<list name="weapon_table">
						<group name="weapon" List.ItemID="156392194" List.ParentItemID="156392194">
							<template_reference name="weapon_entity_attachment" value="" overrideParent="True">
							</template_reference>
							<template_reference name="non_entity_weapon_wrapper" value="non_entity_weapon_wrapper" overrideParent="True">
								<instance_reference name="non_entity_weapon_wrapper_pbg" value="weapon\races\rus\ranged\weapon_horsearcher_4_rus" overrideParent="True" />
								<instance_reference name="animator_attachments" value="attachments\attachment_lists\races\rus\weapons\wpn_range_horsearcher_4_rus" overrideParent="True" />
								<string name="marker_name_parent" value="MetaRig_LArmPalmSocket" overrideParent="True" />
							</template_reference>
						</group>
						<group name="weapon" List.ItemID="-1392982238" List.ParentItemID="-1392982238">
							<template_reference name="weapon_entity_attachment" value="" overrideParent="True">
							</template_reference>
							<template_reference name="non_entity_weapon_wrapper" value="non_entity_weapon_wrapper" overrideParent="True">
								<instance_reference name="non_entity_weapon_wrapper_pbg" value="weapon\races\rus\ranged\weapon_horsearcher_incendiary_4_rus" overrideParent="True" />
								<instance_reference name="animator_attachments" value="attachments\attachment_lists\races\rus\weapons\wpn_range_horsearcher_4_rus" overrideParent="True" />
								<string name="marker_name_parent" value="MetaRig_LArmPalmSocket" overrideParent="True" />
							</template_reference>
						</group>
						<group name="weapon" List.ItemID="1502713306" List.ParentItemID="1502713306">
							<template_reference name="weapon_entity_attachment" value="" overrideParent="True">
							</template_reference>
							<template_reference name="non_entity_weapon_wrapper" value="non_entity_weapon_wrapper" overrideParent="True">
								<instance_reference name="non_entity_weapon_wrapper_pbg" value="weapon\races\mongol\melee\weapon_horsearcher_melee_rus" overrideParent="True" />
								<instance_reference name="animator_attachments" value="attachments\attachment_lists\races\rus\weapons\wpn_melee_horsearcher_melee_rus" overrideParent="True" />
								<string name="marker_name_parent" value="MetaRig_RArmPalmSocket" overrideParent="True" />
							</template_reference>
						</group>
					</list>
				</group>
			</list>
		</template_reference>
	</list>
	<uniqueid name="pbgid" value="133331" />
	<instance_reference name="parent_pbg" value="ebps\races\core\units\unit_horsearcher_4" />
</instance>