<instance version="4" description="" template="ebps">
	<list name="extensions">
		<template_reference name="exts" value="ebpextensions\entity_blueprint_ext" List.ItemID="-1291264015" List.ParentItemID="-1291264015">
			<bool name="browsable_in_editor" value="True" overrideParent="True" />
		</template_reference>
		<template_reference name="exts" value="ebpextensions\action_apply_ext" List.ItemID="257961566" List.ParentItemID="257961566">
			<list name="action_state_trees">
				<group name="container" List.ItemID="-1549634169" List.ParentItemID="-1549634169">
					<string name="state_tree" value="unit_action_apply\units\trade_cart\audio\rus" overrideParent="True" />
				</group>
			</list>
		</template_reference>
		<template_reference name="exts" value="ebpextensions\cost_ext" List.ItemID="-195927456" List.ParentItemID="-195927456">
			<group name="time_cost">
				<enum_table name="cost">
					<float name="wood" value="10000" overrideParent="True" />
					<float name="gold" value="10000" overrideParent="True" />
				</enum_table>
			</group>
		</template_reference>
		<template_reference name="exts" value="ebpextensions\population_ext" List.ItemID="1843700163" List.ParentItemID="1843700163">
			<float name="personnel_pop" value="200" overrideParent="True" />
		</template_reference>
		<template_reference name="exts" value="ebpextensions\type_ext" List.ItemID="-26664171" List.ParentItemID="-26664171">
			<list name="race_type_list" overrideParent="True">
				<instance_reference name="race_type" value="racebps\rus" List.ItemID="988482497" />
			</list>
		</template_reference>
		<template_reference name="exts" value="ebpextensions\tier_ext" overrideParent="True" List.ItemID="-1178329849" List.ParentItemID="-1178329849">
			<list name="tier_group_list" overrideParent="True">
				<list name="tier_group" overrideParent="True" List.ItemID="-1185335413">
					<group name="tier" List.ItemID="523224836">
						<list name="tier_requirements" overrideParent="True">
						</list>
						<instance_reference name="attachments" value="attachments\attachment_lists\civilizations\rus\units\tier2_trade_cart_rus" />
						<template_reference name="statetree_tier_reached_actions" value="state_tree_reference_info">
							<state_tree_node name="ActionTree_OpeningBranch" value="" />
							<bool name="start_suspended" value="False" />
						</template_reference>
						<instance_reference name="statetree_tier_requirements_pbg" value="" />
						<instance_reference name="statetree_tier_pgb_upgrade_target_entity" value="" />
						<instance_reference name="statetree_tier_pgb_upgrade_target_squad" value="" />
						<string name="tier_attachment_action" value="" />
						<template_reference name="blueprint_conversion_parameters" value="blueprint_conversion_parameters">
							<bool name="reissue_commands" value="False" />
							<bool name="continue_state_trees" value="True" />
							<bool name="remove_from_pending_deaths" value="False" />
						</template_reference>
						<string name="inventory_category_to_refresh_on_tier_up" value="" />
					</group>
					<group name="tier" List.ItemID="1851305858">
						<list name="tier_requirements">
							<template_reference name="requirement" value="requirements\required_player_upgrade" List.ItemID="-984282433">
								<enum name="reason" value="usage" />
								<locstring name="ui_name" value="0" />
								<bool name="is_present" value="True" />
								<int name="max_completed" value="100" />
								<int name="min_completed" value="1" />
								<instance_reference name="upgrade_name" value="upgrade\dev\ages\castle_age" />
								<bool name="include_queued" value="False" />
								<group name="include_pbg_parenting">
									<bool name="include_child_pbgs" value="False" />
									<bool name="include_parent_pbgs" value="False" />
								</group>
								<bool name="include_completed" value="True" />
							</template_reference>
						</list>
						<instance_reference name="attachments" value="attachments\attachment_lists\civilizations\rus\units\tier3_trade_cart_rus" />
						<template_reference name="statetree_tier_reached_actions" value="state_tree_reference_info">
							<state_tree_node name="ActionTree_OpeningBranch" value="" />
							<bool name="start_suspended" value="False" />
						</template_reference>
						<instance_reference name="statetree_tier_requirements_pbg" value="upgrade\dev\ages\castle_age" overrideParent="True" />
						<instance_reference name="statetree_tier_pgb_upgrade_target_entity" value="" />
						<instance_reference name="statetree_tier_pgb_upgrade_target_squad" value="" />
						<string name="tier_attachment_action" value="" />
						<template_reference name="blueprint_conversion_parameters" value="blueprint_conversion_parameters">
							<bool name="reissue_commands" value="False" />
							<bool name="continue_state_trees" value="True" />
							<bool name="remove_from_pending_deaths" value="False" />
						</template_reference>
						<string name="inventory_category_to_refresh_on_tier_up" value="" />
					</group>
					<group name="tier" List.ItemID="1108179720">
						<list name="tier_requirements">
							<template_reference name="requirement" value="requirements\required_player_upgrade" List.ItemID="-708280295">
								<enum name="reason" value="usage" />
								<locstring name="ui_name" value="0" />
								<bool name="is_present" value="True" />
								<int name="max_completed" value="100" />
								<int name="min_completed" value="1" />
								<instance_reference name="upgrade_name" value="upgrade\dev\ages\imperial_age" />
								<bool name="include_queued" value="False" />
								<group name="include_pbg_parenting">
									<bool name="include_child_pbgs" value="False" />
									<bool name="include_parent_pbgs" value="False" />
								</group>
								<bool name="include_completed" value="True" />
							</template_reference>
						</list>
						<instance_reference name="attachments" value="attachments\attachment_lists\civilizations\rus\units\tier4_trade_cart_rus" />
						<template_reference name="statetree_tier_reached_actions" value="state_tree_reference_info">
							<state_tree_node name="ActionTree_OpeningBranch" value="" />
							<bool name="start_suspended" value="False" />
						</template_reference>
						<instance_reference name="statetree_tier_requirements_pbg" value="upgrade\dev\ages\imperial_age" overrideParent="True" />
						<instance_reference name="statetree_tier_pgb_upgrade_target_entity" value="" />
						<instance_reference name="statetree_tier_pgb_upgrade_target_squad" value="" />
						<string name="tier_attachment_action" value="" />
						<template_reference name="blueprint_conversion_parameters" value="blueprint_conversion_parameters">
							<bool name="reissue_commands" value="False" />
							<bool name="continue_state_trees" value="True" />
							<bool name="remove_from_pending_deaths" value="False" />
						</template_reference>
						<string name="inventory_category_to_refresh_on_tier_up" value="" />
					</group>
				</list>
			</list>
		</template_reference>
	</list>
	<uniqueid name="pbgid" value="133045" />
	<instance_reference name="parent_pbg" value="ebps\races\core\units\unit_trade_cart" />
</instance>