<instance version="4" description="Mongol  archery range" template="ebps">
	<list name="extensions">
		<template_reference name="exts" value="ebpextensions\entity_blueprint_ext" List.ItemID="1869217836" List.ParentItemID="1869217836">
			<instance_reference name="animator_attachments" value="attachments\attachment_lists\races\mongol\buildings\building_unit_ranged_mongol" overrideParent="True" />
			<bool name="browsable_in_editor" value="True" overrideParent="True" />
			<enum name="subclass_type" value="MongolBuilding" overrideParent="True" />
		</template_reference>
		<template_reference name="exts" value="ebpextensions\site_ext" List.ItemID="1393074630" List.ParentItemID="1393074630">
			<bool name="snap_to_construction_grid" value="True" overrideParent="True" />
		</template_reference>
		<template_reference name="exts" value="ebpextensions\type_ext" List.ItemID="1030773922" List.ParentItemID="1030773922">
			<list name="unit_type_list" overrideParent="True">
				<enum name="unit_type" value="building" List.ItemID="1745516244" />
				<enum name="unit_type" value="archery_range" List.ItemID="1374157845" />
				<enum name="unit_type" value="siegeable" List.ItemID="-287085828" />
				<enum name="unit_type" value="packable_building" List.ItemID="1981607739" />
				<enum name="unit_type" value="military_production_building" List.ItemID="1500706413" />
				<enum name="unit_type" value="production_building" List.ItemID="1333450568" />
				<enum name="unit_type" value="scar_archeryrange" List.ItemID="1235700817" />
				<enum name="unit_type" value="military_only_production" List.ItemID="-1759219699" />
			</list>
			<list name="race_type_list" overrideParent="True">
				<instance_reference name="race_type" value="racebps\mongol" List.ItemID="-2049005015" />
			</list>
		</template_reference>
		<template_reference name="exts" value="ebpextensions\construction_ext" List.ItemID="1894141537" List.ParentItemID="1894141537">
			<state_tree_node name="can_be_cancelled_state_tree_conditions" value="entity_construction_queries_mon\Can_Cancel_Construction" overrideParent="True" />
		</template_reference>
		<template_reference name="exts" value="ebpextensions\ui_ext" List.ItemID="734594954" List.ParentItemID="734594954">
			<file name="portrait_icon" value="" overrideParent="True" />
			<list name="ui_extra_infos" overrideParent="True">
				<template_reference name="ui_extra_info" value="info\ui_extra_info" List.ItemID="1113604466">
					<file name="icon" value="influence_buff" />
					<locstring name="description" value="11198258" />
					<template_reference name="description_formatter" value="">
					</template_reference>
				</template_reference>
			</list>
		</template_reference>
		<template_reference name="exts" value="ebpextensions\spawner_ext" List.ItemID="777570926" List.ParentItemID="777570926">
			<list name="spawn_items" overrideParent="True">
				<group name="spawn_item" comment="archer - feudal age " List.ItemID="188669554">
					<instance_reference name="entity" value="" />
					<instance_reference name="squad" value="sbps\races\mongol\unit_archer_2_mon" />
					<bool name="spawn_at_map_entry_point" value="False" />
					<group name="ui_position">
						<int name="ui_position_row" value="1" />
						<int name="ui_position_column" value="1" />
					</group>
					<instance_reference name="ui_menu" value="" />
					<int name="number_to_spawn" value="1" />
					<enum_table name="item_cost_adjustment">
						<float name="action" value="0" />
						<float name="command" value="0" />
						<float name="popcap" value="0" />
						<float name="food" value="0" />
						<float name="wood" value="0" />
						<float name="stone" value="0" />
						<float name="gold" value="0" />
						<float name="militia_hre" value="0" />
					</enum_table>
					<locstring name="ui_screen_name" value="0" />
					<locstring name="ui_help_text" value="0" />
					<bool name="can_be_cancelled" value="True" />
					<int name="number_to_queue_up_to_when_modified" value="5" />
					<list name="additional_squads">
					</list>
					<instance_reference name="hotkey_binding" value="" />
					<template_reference name="ui_info_extended" value="tables\ui_info_ext">
						<template_reference name="command_card_info" value="">
						</template_reference>
						<template_reference name="quick_abilities_info" value="">
						</template_reference>
						<template_reference name="quick_commands_info" value="">
						</template_reference>
						<template_reference name="quick_formation_info" value="">
						</template_reference>
						<template_reference name="ping_menu_info" value="">
						</template_reference>
						<enum name="category" value="Economic" />
						<template_reference name="quick_commands_launch_hud_info" value="ui_quick_commands_launch_hud_info">
							<enum name="quick_commands_hotkey" value="" />
							<int name="quick_commands_priority" value="-1" />
							<int name="quick_commands_slot_index" value="-1" />
							<enum name="quick_commands_hold_time" value="quick_command_hold_time" />
						</template_reference>
						<template_reference name="relic_radial_menu_info" value="">
						</template_reference>
						<enum name="observer_type" value="Disabled" />
					</template_reference>
				</group>
				<group name="spawn_item" comment="archer - castle age " List.ItemID="-1760607812">
					<instance_reference name="entity" value="" />
					<instance_reference name="squad" value="sbps\races\mongol\unit_archer_3_mon" />
					<bool name="spawn_at_map_entry_point" value="False" />
					<group name="ui_position">
						<int name="ui_position_row" value="1" />
						<int name="ui_position_column" value="1" />
					</group>
					<instance_reference name="ui_menu" value="" />
					<int name="number_to_spawn" value="1" />
					<enum_table name="item_cost_adjustment">
						<float name="action" value="0" />
						<float name="command" value="0" />
						<float name="popcap" value="0" />
						<float name="food" value="0" />
						<float name="wood" value="0" />
						<float name="stone" value="0" />
						<float name="gold" value="0" />
						<float name="militia_hre" value="0" />
					</enum_table>
					<locstring name="ui_screen_name" value="0" />
					<locstring name="ui_help_text" value="0" />
					<bool name="can_be_cancelled" value="True" />
					<int name="number_to_queue_up_to_when_modified" value="5" />
					<list name="additional_squads">
					</list>
					<instance_reference name="hotkey_binding" value="" />
					<template_reference name="ui_info_extended" value="tables\ui_info_ext">
						<template_reference name="command_card_info" value="">
						</template_reference>
						<template_reference name="quick_abilities_info" value="">
						</template_reference>
						<template_reference name="quick_commands_info" value="">
						</template_reference>
						<template_reference name="quick_formation_info" value="">
						</template_reference>
						<template_reference name="ping_menu_info" value="">
						</template_reference>
						<enum name="category" value="Economic" />
						<template_reference name="quick_commands_launch_hud_info" value="ui_quick_commands_launch_hud_info">
							<enum name="quick_commands_hotkey" value="" />
							<int name="quick_commands_priority" value="-1" />
							<int name="quick_commands_slot_index" value="-1" />
							<enum name="quick_commands_hold_time" value="quick_command_hold_time" />
						</template_reference>
						<template_reference name="relic_radial_menu_info" value="">
						</template_reference>
						<enum name="observer_type" value="Disabled" />
					</template_reference>
				</group>
				<group name="spawn_item" comment="archer - imperial age " List.ItemID="1339336685">
					<instance_reference name="entity" value="" />
					<instance_reference name="squad" value="sbps\races\mongol\unit_archer_4_mon" />
					<bool name="spawn_at_map_entry_point" value="False" />
					<group name="ui_position">
						<int name="ui_position_row" value="1" />
						<int name="ui_position_column" value="1" />
					</group>
					<instance_reference name="ui_menu" value="" />
					<int name="number_to_spawn" value="1" />
					<enum_table name="item_cost_adjustment">
						<float name="action" value="0" />
						<float name="command" value="0" />
						<float name="popcap" value="0" />
						<float name="food" value="0" />
						<float name="wood" value="0" />
						<float name="stone" value="0" />
						<float name="gold" value="0" />
						<float name="militia_hre" value="0" />
					</enum_table>
					<locstring name="ui_screen_name" value="0" />
					<locstring name="ui_help_text" value="0" />
					<bool name="can_be_cancelled" value="True" />
					<int name="number_to_queue_up_to_when_modified" value="5" />
					<list name="additional_squads">
					</list>
					<instance_reference name="hotkey_binding" value="" />
					<template_reference name="ui_info_extended" value="tables\ui_info_ext">
						<template_reference name="command_card_info" value="">
						</template_reference>
						<template_reference name="quick_abilities_info" value="">
						</template_reference>
						<template_reference name="quick_commands_info" value="">
						</template_reference>
						<template_reference name="quick_formation_info" value="">
						</template_reference>
						<template_reference name="ping_menu_info" value="">
						</template_reference>
						<enum name="category" value="Economic" />
						<template_reference name="quick_commands_launch_hud_info" value="ui_quick_commands_launch_hud_info">
							<enum name="quick_commands_hotkey" value="" />
							<int name="quick_commands_priority" value="-1" />
							<int name="quick_commands_slot_index" value="-1" />
							<enum name="quick_commands_hold_time" value="quick_command_hold_time" />
						</template_reference>
						<template_reference name="relic_radial_menu_info" value="">
						</template_reference>
						<enum name="observer_type" value="Disabled" />
					</template_reference>
				</group>
				<group name="spawn_item" comment="crossbowman - castle age" List.ItemID="-343114346">
					<instance_reference name="entity" value="" />
					<instance_reference name="squad" value="sbps\races\mongol\unit_crossbowman_3_mon" />
					<bool name="spawn_at_map_entry_point" value="False" />
					<group name="ui_position">
						<int name="ui_position_row" value="1" />
						<int name="ui_position_column" value="2" />
					</group>
					<instance_reference name="ui_menu" value="" />
					<int name="number_to_spawn" value="1" />
					<enum_table name="item_cost_adjustment">
						<float name="action" value="0" />
						<float name="command" value="0" />
						<float name="popcap" value="0" />
						<float name="food" value="0" />
						<float name="wood" value="0" />
						<float name="stone" value="0" />
						<float name="gold" value="0" />
						<float name="militia_hre" value="0" />
					</enum_table>
					<locstring name="ui_screen_name" value="0" />
					<locstring name="ui_help_text" value="0" />
					<bool name="can_be_cancelled" value="True" />
					<int name="number_to_queue_up_to_when_modified" value="5" />
					<list name="additional_squads">
					</list>
					<instance_reference name="hotkey_binding" value="" />
					<template_reference name="ui_info_extended" value="tables\ui_info_ext">
						<template_reference name="command_card_info" value="">
						</template_reference>
						<template_reference name="quick_abilities_info" value="">
						</template_reference>
						<template_reference name="quick_commands_info" value="">
						</template_reference>
						<template_reference name="quick_formation_info" value="">
						</template_reference>
						<template_reference name="ping_menu_info" value="">
						</template_reference>
						<enum name="category" value="Economic" />
						<template_reference name="quick_commands_launch_hud_info" value="ui_quick_commands_launch_hud_info">
							<enum name="quick_commands_hotkey" value="" />
							<int name="quick_commands_priority" value="-1" />
							<int name="quick_commands_slot_index" value="-1" />
							<enum name="quick_commands_hold_time" value="quick_command_hold_time" />
						</template_reference>
						<template_reference name="relic_radial_menu_info" value="">
						</template_reference>
						<enum name="observer_type" value="Disabled" />
					</template_reference>
				</group>
				<group name="spawn_item" comment="crossbowman - imperial age" List.ItemID="1964992279">
					<instance_reference name="entity" value="" />
					<instance_reference name="squad" value="sbps\races\mongol\unit_crossbowman_4_mon" />
					<bool name="spawn_at_map_entry_point" value="False" />
					<group name="ui_position">
						<int name="ui_position_row" value="1" />
						<int name="ui_position_column" value="2" />
					</group>
					<instance_reference name="ui_menu" value="" />
					<int name="number_to_spawn" value="1" />
					<enum_table name="item_cost_adjustment">
						<float name="action" value="0" />
						<float name="command" value="0" />
						<float name="popcap" value="0" />
						<float name="food" value="0" />
						<float name="wood" value="0" />
						<float name="stone" value="0" />
						<float name="gold" value="0" />
						<float name="militia_hre" value="0" />
					</enum_table>
					<locstring name="ui_screen_name" value="0" />
					<locstring name="ui_help_text" value="0" />
					<bool name="can_be_cancelled" value="True" />
					<int name="number_to_queue_up_to_when_modified" value="5" />
					<list name="additional_squads">
					</list>
					<instance_reference name="hotkey_binding" value="" />
					<template_reference name="ui_info_extended" value="tables\ui_info_ext">
						<template_reference name="command_card_info" value="">
						</template_reference>
						<template_reference name="quick_abilities_info" value="">
						</template_reference>
						<template_reference name="quick_commands_info" value="">
						</template_reference>
						<template_reference name="quick_formation_info" value="">
						</template_reference>
						<template_reference name="ping_menu_info" value="">
						</template_reference>
						<enum name="category" value="Economic" />
						<template_reference name="quick_commands_launch_hud_info" value="ui_quick_commands_launch_hud_info">
							<enum name="quick_commands_hotkey" value="" />
							<int name="quick_commands_priority" value="-1" />
							<int name="quick_commands_slot_index" value="-1" />
							<enum name="quick_commands_hold_time" value="quick_command_hold_time" />
						</template_reference>
						<template_reference name="relic_radial_menu_info" value="">
						</template_reference>
						<enum name="observer_type" value="Disabled" />
					</template_reference>
				</group>
				<group name="spawn_item" comment="archer - feudal age (double)" List.ItemID="-31751403">
					<group name="ui_position">
						<int name="ui_position_row" value="1" overrideParent="True" />
						<int name="ui_position_column" value="1" overrideParent="True" />
					</group>
					<instance_reference name="entity" value="" />
					<instance_reference name="squad" value="sbps\races\mongol\unit_archer_2_double_mon" overrideParent="True" />
					<bool name="spawn_at_map_entry_point" value="False" />
					<instance_reference name="ui_menu" value="menu\mon_improved_production_small" overrideParent="True" />
					<int name="number_to_spawn" value="2" overrideParent="True" />
					<enum_table name="item_cost_adjustment">
						<float name="action" value="0" />
						<float name="command" value="0" />
						<float name="popcap" value="0" />
						<float name="food" value="-15" overrideParent="True" />
						<float name="wood" value="-25" overrideParent="True" />
						<float name="stone" value="40" overrideParent="True" />
						<float name="gold" value="0" overrideParent="True" />
						<float name="militia_hre" value="0" />
					</enum_table>
					<locstring name="ui_screen_name" value="11153249" />
					<locstring name="ui_help_text" value="11157619" />
					<bool name="can_be_cancelled" value="True" />
					<int name="number_to_queue_up_to_when_modified" value="5" />
					<list name="additional_squads">
					</list>
					<instance_reference name="hotkey_binding" value="" />
					<template_reference name="ui_info_extended" value="tables\ui_info_ext">
						<template_reference name="command_card_info" value="">
						</template_reference>
						<template_reference name="quick_abilities_info" value="">
						</template_reference>
						<template_reference name="quick_commands_info" value="">
						</template_reference>
						<template_reference name="quick_formation_info" value="">
						</template_reference>
						<template_reference name="ping_menu_info" value="">
						</template_reference>
						<enum name="category" value="Economic" />
						<template_reference name="quick_commands_launch_hud_info" value="ui_quick_commands_launch_hud_info">
							<enum name="quick_commands_hotkey" value="" />
							<int name="quick_commands_priority" value="-1" />
							<int name="quick_commands_slot_index" value="-1" />
							<enum name="quick_commands_hold_time" value="quick_command_hold_time" />
						</template_reference>
						<template_reference name="relic_radial_menu_info" value="">
						</template_reference>
						<enum name="observer_type" value="Disabled" />
					</template_reference>
				</group>
				<group name="spawn_item" comment="archer - castle age (double)" List.ItemID="23962794">
					<instance_reference name="entity" value="" />
					<instance_reference name="squad" value="sbps\races\mongol\unit_archer_3_double_mon" overrideParent="True" />
					<bool name="spawn_at_map_entry_point" value="False" />
					<group name="ui_position">
						<int name="ui_position_row" value="1" />
						<int name="ui_position_column" value="1" />
					</group>
					<instance_reference name="ui_menu" value="menu\mon_improved_production_small" overrideParent="True" />
					<int name="number_to_spawn" value="2" overrideParent="True" />
					<enum_table name="item_cost_adjustment" overrideParent="True">
						<float name="action" value="0" />
						<float name="command" value="0" />
						<float name="popcap" value="0" />
						<float name="food" value="-15" />
						<float name="wood" value="-25" overrideParent="True" />
						<float name="stone" value="40" overrideParent="True" />
						<float name="gold" value="0" overrideParent="True" />
						<float name="militia_hre" value="0" />
					</enum_table>
					<locstring name="ui_screen_name" value="11153250" />
					<locstring name="ui_help_text" value="11157619" />
					<bool name="can_be_cancelled" value="True" />
					<int name="number_to_queue_up_to_when_modified" value="5" />
					<list name="additional_squads">
					</list>
					<instance_reference name="hotkey_binding" value="" />
					<template_reference name="ui_info_extended" value="tables\ui_info_ext">
						<template_reference name="command_card_info" value="">
						</template_reference>
						<template_reference name="quick_abilities_info" value="">
						</template_reference>
						<template_reference name="quick_commands_info" value="">
						</template_reference>
						<template_reference name="quick_formation_info" value="">
						</template_reference>
						<template_reference name="ping_menu_info" value="">
						</template_reference>
						<enum name="category" value="Economic" />
						<template_reference name="quick_commands_launch_hud_info" value="ui_quick_commands_launch_hud_info">
							<enum name="quick_commands_hotkey" value="" />
							<int name="quick_commands_priority" value="-1" />
							<int name="quick_commands_slot_index" value="-1" />
							<enum name="quick_commands_hold_time" value="quick_command_hold_time" />
						</template_reference>
						<template_reference name="relic_radial_menu_info" value="">
						</template_reference>
						<enum name="observer_type" value="Disabled" />
					</template_reference>
				</group>
				<group name="spawn_item" comment="archer - imperial age (double)" List.ItemID="1567390612">
					<instance_reference name="entity" value="" />
					<instance_reference name="squad" value="sbps\races\mongol\unit_archer_4_double_mon" overrideParent="True" />
					<bool name="spawn_at_map_entry_point" value="False" />
					<group name="ui_position">
						<int name="ui_position_row" value="1" />
						<int name="ui_position_column" value="1" />
					</group>
					<instance_reference name="ui_menu" value="menu\mon_improved_production_small" overrideParent="True" />
					<int name="number_to_spawn" value="2" overrideParent="True" />
					<enum_table name="item_cost_adjustment" overrideParent="True">
						<float name="action" value="0" />
						<float name="command" value="0" />
						<float name="popcap" value="0" />
						<float name="food" value="-15" />
						<float name="wood" value="-25" overrideParent="True" />
						<float name="stone" value="40" overrideParent="True" />
						<float name="gold" value="0" overrideParent="True" />
						<float name="militia_hre" value="0" />
					</enum_table>
					<locstring name="ui_screen_name" value="11153251" />
					<locstring name="ui_help_text" value="11157619" />
					<bool name="can_be_cancelled" value="True" />
					<int name="number_to_queue_up_to_when_modified" value="5" />
					<list name="additional_squads">
					</list>
					<instance_reference name="hotkey_binding" value="" />
					<template_reference name="ui_info_extended" value="tables\ui_info_ext">
						<template_reference name="command_card_info" value="">
						</template_reference>
						<template_reference name="quick_abilities_info" value="">
						</template_reference>
						<template_reference name="quick_commands_info" value="">
						</template_reference>
						<template_reference name="quick_formation_info" value="">
						</template_reference>
						<template_reference name="ping_menu_info" value="">
						</template_reference>
						<enum name="category" value="Economic" />
						<template_reference name="quick_commands_launch_hud_info" value="ui_quick_commands_launch_hud_info">
							<enum name="quick_commands_hotkey" value="" />
							<int name="quick_commands_priority" value="-1" />
							<int name="quick_commands_slot_index" value="-1" />
							<enum name="quick_commands_hold_time" value="quick_command_hold_time" />
						</template_reference>
						<template_reference name="relic_radial_menu_info" value="">
						</template_reference>
						<enum name="observer_type" value="Disabled" />
					</template_reference>
				</group>
				<group name="spawn_item" comment="crossbowman - castle age (double)" List.ItemID="174849265">
					<instance_reference name="entity" value="" />
					<instance_reference name="squad" value="sbps\races\mongol\unit_crossbowman_3_double_mon" overrideParent="True" />
					<bool name="spawn_at_map_entry_point" value="False" />
					<group name="ui_position">
						<int name="ui_position_row" value="1" />
						<int name="ui_position_column" value="2" />
					</group>
					<instance_reference name="ui_menu" value="menu\mon_improved_production_small" overrideParent="True" />
					<int name="number_to_spawn" value="2" overrideParent="True" />
					<enum_table name="item_cost_adjustment">
						<float name="action" value="0" />
						<float name="command" value="0" />
						<float name="popcap" value="0" />
						<float name="food" value="-40" overrideParent="True" />
						<float name="wood" value="0" />
						<float name="stone" value="60" overrideParent="True" />
						<float name="gold" value="-20" overrideParent="True" />
						<float name="militia_hre" value="0" />
					</enum_table>
					<locstring name="ui_screen_name" value="11153255" />
					<locstring name="ui_help_text" value="11157626" />
					<bool name="can_be_cancelled" value="True" />
					<int name="number_to_queue_up_to_when_modified" value="5" />
					<list name="additional_squads">
					</list>
					<instance_reference name="hotkey_binding" value="" />
					<template_reference name="ui_info_extended" value="tables\ui_info_ext">
						<template_reference name="command_card_info" value="">
						</template_reference>
						<template_reference name="quick_abilities_info" value="">
						</template_reference>
						<template_reference name="quick_commands_info" value="">
						</template_reference>
						<template_reference name="quick_formation_info" value="">
						</template_reference>
						<template_reference name="ping_menu_info" value="">
						</template_reference>
						<enum name="category" value="Economic" />
						<template_reference name="quick_commands_launch_hud_info" value="ui_quick_commands_launch_hud_info">
							<enum name="quick_commands_hotkey" value="" />
							<int name="quick_commands_priority" value="-1" />
							<int name="quick_commands_slot_index" value="-1" />
							<enum name="quick_commands_hold_time" value="quick_command_hold_time" />
						</template_reference>
						<template_reference name="relic_radial_menu_info" value="">
						</template_reference>
						<enum name="observer_type" value="Disabled" />
					</template_reference>
				</group>
				<group name="spawn_item" comment="crossbowman - imperial age (double)" List.ItemID="-241388887">
					<instance_reference name="entity" value="" />
					<instance_reference name="squad" value="sbps\races\mongol\unit_crossbowman_4_double_mon" overrideParent="True" />
					<bool name="spawn_at_map_entry_point" value="False" />
					<group name="ui_position">
						<int name="ui_position_row" value="1" />
						<int name="ui_position_column" value="2" />
					</group>
					<instance_reference name="ui_menu" value="menu\mon_improved_production_small" overrideParent="True" />
					<int name="number_to_spawn" value="2" overrideParent="True" />
					<enum_table name="item_cost_adjustment" overrideParent="True">
						<float name="action" value="0" />
						<float name="command" value="0" />
						<float name="popcap" value="0" />
						<float name="food" value="-40" overrideParent="True" />
						<float name="wood" value="0" />
						<float name="stone" value="60" overrideParent="True" />
						<float name="gold" value="-20" overrideParent="True" />
						<float name="militia_hre" value="0" />
					</enum_table>
					<locstring name="ui_screen_name" value="11153256" />
					<locstring name="ui_help_text" value="11157626" />
					<bool name="can_be_cancelled" value="True" />
					<int name="number_to_queue_up_to_when_modified" value="5" />
					<list name="additional_squads">
					</list>
					<instance_reference name="hotkey_binding" value="" />
					<template_reference name="ui_info_extended" value="tables\ui_info_ext">
						<template_reference name="command_card_info" value="">
						</template_reference>
						<template_reference name="quick_abilities_info" value="">
						</template_reference>
						<template_reference name="quick_commands_info" value="">
						</template_reference>
						<template_reference name="quick_formation_info" value="">
						</template_reference>
						<template_reference name="ping_menu_info" value="">
						</template_reference>
						<enum name="category" value="Economic" />
						<template_reference name="quick_commands_launch_hud_info" value="ui_quick_commands_launch_hud_info">
							<enum name="quick_commands_hotkey" value="" />
							<int name="quick_commands_priority" value="-1" />
							<int name="quick_commands_slot_index" value="-1" />
							<enum name="quick_commands_hold_time" value="quick_command_hold_time" />
						</template_reference>
						<template_reference name="relic_radial_menu_info" value="">
						</template_reference>
						<enum name="observer_type" value="Disabled" />
					</template_reference>
				</group>
				<group name="spawn_item" comment="handcannon - castle age " List.ItemID="885733952">
					<instance_reference name="entity" value="" />
					<instance_reference name="squad" value="sbps\races\mongol\unit_handcannon_4_mon" />
					<bool name="spawn_at_map_entry_point" value="False" />
					<group name="ui_position">
						<int name="ui_position_row" value="1" />
						<int name="ui_position_column" value="3" />
					</group>
					<instance_reference name="ui_menu" value="" />
					<int name="number_to_spawn" value="1" />
					<enum_table name="item_cost_adjustment">
						<float name="action" value="0" />
						<float name="command" value="0" />
						<float name="popcap" value="0" />
						<float name="food" value="0" />
						<float name="wood" value="0" />
						<float name="stone" value="0" />
						<float name="gold" value="0" />
						<float name="militia_hre" value="0" />
					</enum_table>
					<locstring name="ui_screen_name" value="0" />
					<locstring name="ui_help_text" value="0" />
					<bool name="can_be_cancelled" value="True" />
					<int name="number_to_queue_up_to_when_modified" value="5" />
					<list name="additional_squads">
					</list>
					<instance_reference name="hotkey_binding" value="" />
					<template_reference name="ui_info_extended" value="tables\ui_info_ext">
						<template_reference name="command_card_info" value="">
						</template_reference>
						<template_reference name="quick_abilities_info" value="">
						</template_reference>
						<template_reference name="quick_commands_info" value="">
						</template_reference>
						<template_reference name="quick_formation_info" value="">
						</template_reference>
						<template_reference name="ping_menu_info" value="">
						</template_reference>
						<enum name="category" value="Economic" />
						<template_reference name="quick_commands_launch_hud_info" value="ui_quick_commands_launch_hud_info">
							<enum name="quick_commands_hotkey" value="" />
							<int name="quick_commands_priority" value="-1" />
							<int name="quick_commands_slot_index" value="-1" />
							<enum name="quick_commands_hold_time" value="quick_command_hold_time" />
						</template_reference>
						<template_reference name="relic_radial_menu_info" value="">
						</template_reference>
						<enum name="observer_type" value="Disabled" />
					</template_reference>
				</group>
				<group name="spawn_item" comment="handcannon - castle age (double)" List.ItemID="-1666840101">
					<instance_reference name="entity" value="" />
					<instance_reference name="squad" value="sbps\races\mongol\unit_handcannon_4_double_mon" overrideParent="True" />
					<bool name="spawn_at_map_entry_point" value="False" />
					<group name="ui_position">
						<int name="ui_position_row" value="1" />
						<int name="ui_position_column" value="3" />
					</group>
					<instance_reference name="ui_menu" value="menu\mon_improved_production_small" overrideParent="True" />
					<int name="number_to_spawn" value="2" overrideParent="True" />
					<enum_table name="item_cost_adjustment">
						<float name="action" value="0" />
						<float name="command" value="0" />
						<float name="popcap" value="0" />
						<float name="food" value="-60" overrideParent="True" />
						<float name="wood" value="0" />
						<float name="stone" value="120" overrideParent="True" />
						<float name="gold" value="-60" overrideParent="True" />
						<float name="militia_hre" value="0" />
					</enum_table>
					<locstring name="ui_screen_name" value="11153259" />
					<locstring name="ui_help_text" value="11157629" />
					<bool name="can_be_cancelled" value="True" />
					<int name="number_to_queue_up_to_when_modified" value="5" />
					<list name="additional_squads">
					</list>
					<instance_reference name="hotkey_binding" value="" />
					<template_reference name="ui_info_extended" value="tables\ui_info_ext">
						<template_reference name="command_card_info" value="">
						</template_reference>
						<template_reference name="quick_abilities_info" value="">
						</template_reference>
						<template_reference name="quick_commands_info" value="">
						</template_reference>
						<template_reference name="quick_formation_info" value="">
						</template_reference>
						<template_reference name="ping_menu_info" value="">
						</template_reference>
						<enum name="category" value="Economic" />
						<template_reference name="quick_commands_launch_hud_info" value="ui_quick_commands_launch_hud_info">
							<enum name="quick_commands_hotkey" value="" />
							<int name="quick_commands_priority" value="-1" />
							<int name="quick_commands_slot_index" value="-1" />
							<enum name="quick_commands_hold_time" value="quick_command_hold_time" />
						</template_reference>
						<template_reference name="relic_radial_menu_info" value="">
						</template_reference>
						<enum name="observer_type" value="Disabled" />
					</template_reference>
				</group>
				<group name="spawn_item" comment="horse archer - feudal age" List.ItemID="-1661333019">
					<instance_reference name="entity" value="" />
					<instance_reference name="squad" value="sbps\races\mongol\unit_horsearcher_2_mon" />
					<bool name="spawn_at_map_entry_point" value="False" />
					<group name="ui_position">
						<int name="ui_position_row" value="1" />
						<int name="ui_position_column" value="4" overrideParent="True" />
					</group>
					<instance_reference name="ui_menu" value="" />
					<int name="number_to_spawn" value="1" />
					<enum_table name="item_cost_adjustment">
						<float name="action" value="0" />
						<float name="command" value="0" />
						<float name="popcap" value="0" />
						<float name="food" value="0" />
						<float name="wood" value="0" />
						<float name="stone" value="0" />
						<float name="gold" value="0" />
						<float name="militia_hre" value="0" />
					</enum_table>
					<locstring name="ui_screen_name" value="0" />
					<locstring name="ui_help_text" value="0" />
					<bool name="can_be_cancelled" value="True" />
					<int name="number_to_queue_up_to_when_modified" value="5" />
					<list name="additional_squads">
					</list>
					<instance_reference name="hotkey_binding" value="" />
					<template_reference name="ui_info_extended" value="tables\ui_info_ext">
						<template_reference name="command_card_info" value="">
						</template_reference>
						<template_reference name="quick_abilities_info" value="">
						</template_reference>
						<template_reference name="quick_commands_info" value="">
						</template_reference>
						<template_reference name="quick_formation_info" value="">
						</template_reference>
						<template_reference name="ping_menu_info" value="">
						</template_reference>
						<enum name="category" value="Economic" />
						<template_reference name="quick_commands_launch_hud_info" value="ui_quick_commands_launch_hud_info">
							<enum name="quick_commands_hotkey" value="" />
							<int name="quick_commands_priority" value="-1" />
							<int name="quick_commands_slot_index" value="-1" />
							<enum name="quick_commands_hold_time" value="quick_command_hold_time" />
						</template_reference>
						<template_reference name="relic_radial_menu_info" value="">
						</template_reference>
						<enum name="observer_type" value="Disabled" />
					</template_reference>
				</group>
				<group name="spawn_item" comment="horse archer - castle age" List.ItemID="-106458577">
					<instance_reference name="entity" value="" />
					<instance_reference name="squad" value="sbps\races\mongol\unit_horsearcher_3_mon" />
					<bool name="spawn_at_map_entry_point" value="False" />
					<group name="ui_position">
						<int name="ui_position_row" value="1" />
						<int name="ui_position_column" value="4" overrideParent="True" />
					</group>
					<instance_reference name="ui_menu" value="" />
					<int name="number_to_spawn" value="1" />
					<enum_table name="item_cost_adjustment">
						<float name="action" value="0" />
						<float name="command" value="0" />
						<float name="popcap" value="0" />
						<float name="food" value="0" />
						<float name="wood" value="0" />
						<float name="stone" value="0" />
						<float name="gold" value="0" />
						<float name="militia_hre" value="0" />
					</enum_table>
					<locstring name="ui_screen_name" value="0" />
					<locstring name="ui_help_text" value="0" />
					<bool name="can_be_cancelled" value="True" />
					<int name="number_to_queue_up_to_when_modified" value="5" />
					<list name="additional_squads">
					</list>
					<instance_reference name="hotkey_binding" value="" />
					<template_reference name="ui_info_extended" value="tables\ui_info_ext">
						<template_reference name="command_card_info" value="">
						</template_reference>
						<template_reference name="quick_abilities_info" value="">
						</template_reference>
						<template_reference name="quick_commands_info" value="">
						</template_reference>
						<template_reference name="quick_formation_info" value="">
						</template_reference>
						<template_reference name="ping_menu_info" value="">
						</template_reference>
						<enum name="category" value="Economic" />
						<template_reference name="quick_commands_launch_hud_info" value="ui_quick_commands_launch_hud_info">
							<enum name="quick_commands_hotkey" value="" />
							<int name="quick_commands_priority" value="-1" />
							<int name="quick_commands_slot_index" value="-1" />
							<enum name="quick_commands_hold_time" value="quick_command_hold_time" />
						</template_reference>
						<template_reference name="relic_radial_menu_info" value="">
						</template_reference>
						<enum name="observer_type" value="Disabled" />
					</template_reference>
				</group>
				<group name="spawn_item" comment="horse archer - imperial age" List.ItemID="673113790">
					<instance_reference name="entity" value="" />
					<instance_reference name="squad" value="sbps\races\mongol\unit_horsearcher_4_mon" />
					<bool name="spawn_at_map_entry_point" value="False" />
					<group name="ui_position">
						<int name="ui_position_row" value="1" />
						<int name="ui_position_column" value="4" overrideParent="True" />
					</group>
					<instance_reference name="ui_menu" value="" />
					<int name="number_to_spawn" value="1" />
					<enum_table name="item_cost_adjustment">
						<float name="action" value="0" />
						<float name="command" value="0" />
						<float name="popcap" value="0" />
						<float name="food" value="0" />
						<float name="wood" value="0" />
						<float name="stone" value="0" />
						<float name="gold" value="0" />
						<float name="militia_hre" value="0" />
					</enum_table>
					<locstring name="ui_screen_name" value="0" />
					<locstring name="ui_help_text" value="0" />
					<bool name="can_be_cancelled" value="True" />
					<int name="number_to_queue_up_to_when_modified" value="5" />
					<list name="additional_squads">
					</list>
					<instance_reference name="hotkey_binding" value="" />
					<template_reference name="ui_info_extended" value="tables\ui_info_ext">
						<template_reference name="command_card_info" value="">
						</template_reference>
						<template_reference name="quick_abilities_info" value="">
						</template_reference>
						<template_reference name="quick_commands_info" value="">
						</template_reference>
						<template_reference name="quick_formation_info" value="">
						</template_reference>
						<template_reference name="ping_menu_info" value="">
						</template_reference>
						<enum name="category" value="Economic" />
						<template_reference name="quick_commands_launch_hud_info" value="ui_quick_commands_launch_hud_info">
							<enum name="quick_commands_hotkey" value="" />
							<int name="quick_commands_priority" value="-1" />
							<int name="quick_commands_slot_index" value="-1" />
							<enum name="quick_commands_hold_time" value="quick_command_hold_time" />
						</template_reference>
						<template_reference name="relic_radial_menu_info" value="">
						</template_reference>
						<enum name="observer_type" value="Disabled" />
					</template_reference>
				</group>
				<group name="spawn_item" comment="horse archer - feudal age (double)" List.ItemID="1477061769">
					<instance_reference name="entity" value="" />
					<instance_reference name="squad" value="sbps\races\mongol\unit_horsearcher_2_double_mon" overrideParent="True" />
					<bool name="spawn_at_map_entry_point" value="False" />
					<group name="ui_position">
						<int name="ui_position_row" value="1" />
						<int name="ui_position_column" value="4" overrideParent="True" />
					</group>
					<instance_reference name="ui_menu" value="menu\mon_improved_production_small" overrideParent="True" />
					<int name="number_to_spawn" value="2" overrideParent="True" />
					<enum_table name="item_cost_adjustment">
						<float name="action" value="0" />
						<float name="command" value="0" />
						<float name="popcap" value="0" />
						<float name="food" value="-60" overrideParent="True" />
						<float name="wood" value="0" />
						<float name="stone" value="80" overrideParent="True" />
						<float name="gold" value="-20" overrideParent="True" />
						<float name="militia_hre" value="0" />
					</enum_table>
					<locstring name="ui_screen_name" value="11153260" />
					<locstring name="ui_help_text" value="11157647" />
					<bool name="can_be_cancelled" value="True" />
					<int name="number_to_queue_up_to_when_modified" value="5" />
					<list name="additional_squads">
					</list>
					<instance_reference name="hotkey_binding" value="" />
					<template_reference name="ui_info_extended" value="tables\ui_info_ext">
						<template_reference name="command_card_info" value="">
						</template_reference>
						<template_reference name="quick_abilities_info" value="">
						</template_reference>
						<template_reference name="quick_commands_info" value="">
						</template_reference>
						<template_reference name="quick_formation_info" value="">
						</template_reference>
						<template_reference name="ping_menu_info" value="">
						</template_reference>
						<enum name="category" value="Economic" />
						<template_reference name="quick_commands_launch_hud_info" value="ui_quick_commands_launch_hud_info">
							<enum name="quick_commands_hotkey" value="" />
							<int name="quick_commands_priority" value="-1" />
							<int name="quick_commands_slot_index" value="-1" />
							<enum name="quick_commands_hold_time" value="quick_command_hold_time" />
						</template_reference>
						<template_reference name="relic_radial_menu_info" value="">
						</template_reference>
						<enum name="observer_type" value="Disabled" />
					</template_reference>
				</group>
				<group name="spawn_item" comment="horse archer - castle age (double)" List.ItemID="-833474759">
					<instance_reference name="entity" value="" />
					<instance_reference name="squad" value="sbps\races\mongol\unit_horsearcher_3_double_mon" overrideParent="True" />
					<bool name="spawn_at_map_entry_point" value="False" />
					<group name="ui_position">
						<int name="ui_position_row" value="1" />
						<int name="ui_position_column" value="4" overrideParent="True" />
					</group>
					<instance_reference name="ui_menu" value="menu\mon_improved_production_small" overrideParent="True" />
					<int name="number_to_spawn" value="2" overrideParent="True" />
					<enum_table name="item_cost_adjustment" overrideParent="True">
						<float name="action" value="0" />
						<float name="command" value="0" />
						<float name="popcap" value="0" />
						<float name="food" value="-60" overrideParent="True" />
						<float name="wood" value="0" />
						<float name="stone" value="80" overrideParent="True" />
						<float name="gold" value="-20" overrideParent="True" />
						<float name="militia_hre" value="0" />
					</enum_table>
					<locstring name="ui_screen_name" value="11153261" />
					<locstring name="ui_help_text" value="11157647" />
					<bool name="can_be_cancelled" value="True" />
					<int name="number_to_queue_up_to_when_modified" value="5" />
					<list name="additional_squads">
					</list>
					<instance_reference name="hotkey_binding" value="" />
					<template_reference name="ui_info_extended" value="tables\ui_info_ext">
						<template_reference name="command_card_info" value="">
						</template_reference>
						<template_reference name="quick_abilities_info" value="">
						</template_reference>
						<template_reference name="quick_commands_info" value="">
						</template_reference>
						<template_reference name="quick_formation_info" value="">
						</template_reference>
						<template_reference name="ping_menu_info" value="">
						</template_reference>
						<enum name="category" value="Economic" />
						<template_reference name="quick_commands_launch_hud_info" value="ui_quick_commands_launch_hud_info">
							<enum name="quick_commands_hotkey" value="" />
							<int name="quick_commands_priority" value="-1" />
							<int name="quick_commands_slot_index" value="-1" />
							<enum name="quick_commands_hold_time" value="quick_command_hold_time" />
						</template_reference>
						<template_reference name="relic_radial_menu_info" value="">
						</template_reference>
						<enum name="observer_type" value="Disabled" />
					</template_reference>
				</group>
				<group name="spawn_item" comment="horse archer - imperial age (double)" List.ItemID="1824504752">
					<instance_reference name="entity" value="" />
					<instance_reference name="squad" value="sbps\races\mongol\unit_horsearcher_4_double_mon" overrideParent="True" />
					<bool name="spawn_at_map_entry_point" value="False" />
					<group name="ui_position">
						<int name="ui_position_row" value="1" />
						<int name="ui_position_column" value="4" overrideParent="True" />
					</group>
					<instance_reference name="ui_menu" value="menu\mon_improved_production_small" overrideParent="True" />
					<int name="number_to_spawn" value="2" overrideParent="True" />
					<enum_table name="item_cost_adjustment" overrideParent="True">
						<float name="action" value="0" />
						<float name="command" value="0" />
						<float name="popcap" value="0" />
						<float name="food" value="-60" overrideParent="True" />
						<float name="wood" value="0" />
						<float name="stone" value="80" overrideParent="True" />
						<float name="gold" value="-20" overrideParent="True" />
						<float name="militia_hre" value="0" />
					</enum_table>
					<locstring name="ui_screen_name" value="11153262" />
					<locstring name="ui_help_text" value="11157647" />
					<bool name="can_be_cancelled" value="True" />
					<int name="number_to_queue_up_to_when_modified" value="5" />
					<list name="additional_squads">
					</list>
					<instance_reference name="hotkey_binding" value="" />
					<template_reference name="ui_info_extended" value="tables\ui_info_ext">
						<template_reference name="command_card_info" value="">
						</template_reference>
						<template_reference name="quick_abilities_info" value="">
						</template_reference>
						<template_reference name="quick_commands_info" value="">
						</template_reference>
						<template_reference name="quick_formation_info" value="">
						</template_reference>
						<template_reference name="ping_menu_info" value="">
						</template_reference>
						<enum name="category" value="Economic" />
						<template_reference name="quick_commands_launch_hud_info" value="ui_quick_commands_launch_hud_info">
							<enum name="quick_commands_hotkey" value="" />
							<int name="quick_commands_priority" value="-1" />
							<int name="quick_commands_slot_index" value="-1" />
							<enum name="quick_commands_hold_time" value="quick_command_hold_time" />
						</template_reference>
						<template_reference name="relic_radial_menu_info" value="">
						</template_reference>
						<enum name="observer_type" value="Disabled" />
					</template_reference>
				</group>
			</list>
		</template_reference>
		<template_reference name="exts" value="ebpextensions\upgrade_ext" List.ItemID="-802392364" List.ParentItemID="-802392364">
			<list name="standard_upgrades" overrideParent="True">
				<instance_reference name="upgrade" value="upgrade\races\mongol\units\upgrade_unit_archer_3_mon" List.ItemID="-2110686962" />
				<instance_reference name="upgrade" value="upgrade\races\mongol\units\upgrade_unit_archer_4_mon" List.ItemID="-1735091552" />
				<instance_reference name="upgrade" value="upgrade\races\mongol\units\upgrade_unit_crossbowman_4_mon" List.ItemID="1149267944" />
				<instance_reference name="upgrade" value="upgrade\races\mongol\units\upgrade_unit_horsearcher_3_mon" List.ItemID="-1232065135" />
				<instance_reference name="upgrade" value="upgrade\races\mongol\units\upgrade_unit_horsearcher_4_mon" List.ItemID="-982964239" />
				<instance_reference name="upgrade" value="upgrade\races\mongol\research\unique\upgrade_mangudai_weapon_damage_mon" List.ItemID="1888503207" />
				<instance_reference name="upgrade" value="upgrade\races\mongol\research\unique\upgrade_mangudai_weapon_damage_improved_mon" List.ItemID="-1423091725" />
			</list>
		</template_reference>
		<template_reference name="exts" value="ebpextensions\ability_ext" List.ItemID="1381693489" List.ParentItemID="1381693489">
			<list name="abilities" overrideParent="True">
				<instance_reference name="ability" value="abilities\timed_abilities\civ_core\core_building_scuttle" List.ItemID="1089518843" />
			</list>
		</template_reference>
		<template_reference name="exts" value="ebpextensions\action_tree_ext" List.ItemID="-381606894" List.ParentItemID="-381606894">
			<state_tree_node name="fallback_default_move_command_conditions" value="entity_construction_queries_mon\Can_Queue_Move_Commands" overrideParent="True" />
		</template_reference>
		<template_reference name="exts" value="ebpextensions\statemodel_ext" comment="Make sure the building and moving building are referencing the same schema, if they are using different schemas unpacking will break." List.ItemID="822686745" List.ParentItemID="822686745">
			<instance_reference name="schema" value="statemodel_schema\buildings\civilizations\mongols\unit_ranged_mon" overrideParent="True" />
		</template_reference>
		<template_reference name="exts" value="ebpextensions\tier_ext" List.ItemID="1962925509" List.ListAction="Append">
			<list name="tier_group_list" overrideParent="True">
				<list name="tier_group" overrideParent="True" List.ItemID="1020362787">
					<group name="tier" List.ItemID="1722275360">
						<list name="tier_requirements">
						</list>
						<instance_reference name="attachments" value="attachments\attachment_lists\civilizations\mongol\buildings\unit_infantry_ranged\tier2_unit_ranged_mon" />
						<template_reference name="statetree_tier_reached_actions" value="state_tree_reference_info">
							<state_tree_node name="ActionTree_OpeningBranch" value="" />
							<bool name="start_suspended" value="False" />
						</template_reference>
						<instance_reference name="statetree_tier_requirements_pbg" value="" />
						<instance_reference name="statetree_tier_pgb_upgrade_target_entity" value="" />
						<instance_reference name="statetree_tier_pgb_upgrade_target_squad" value="" />
						<string name="tier_attachment_action" value="" />
						<template_reference name="blueprint_conversion_parameters" value="blueprint_conversion_parameters">
							<bool name="reissue_commands" value="False" />
							<bool name="continue_state_trees" value="False" />
							<bool name="remove_from_pending_deaths" value="False" />
						</template_reference>
						<string name="inventory_category_to_refresh_on_tier_up" value="" />
					</group>
					<group name="tier" List.ItemID="-1748489917">
						<list name="tier_requirements" overrideParent="True">
							<template_reference name="requirement" value="requirements\required_player_upgrade" List.ItemID="1348449483">
								<enum name="reason" value="usage" />
								<locstring name="ui_name" value="0" />
								<bool name="is_present" value="True" />
								<int name="max_completed" value="100" />
								<int name="min_completed" value="1" />
								<instance_reference name="upgrade_name" value="upgrade\dev\ages\castle_age" />
								<bool name="include_queued" value="False" />
								<group name="include_pbg_parenting">
									<bool name="include_child_pbgs" value="False" />
									<bool name="include_parent_pbgs" value="False" />
								</group>
								<bool name="include_completed" value="True" />
							</template_reference>
						</list>
						<instance_reference name="attachments" value="attachments\attachment_lists\civilizations\mongol\buildings\unit_infantry_ranged\tier3_unit_ranged_mon" overrideParent="True" />
						<template_reference name="statetree_tier_reached_actions" value="state_tree_reference_info">
							<state_tree_node name="ActionTree_OpeningBranch" value="" />
							<bool name="start_suspended" value="False" />
						</template_reference>
						<instance_reference name="statetree_tier_requirements_pbg" value="upgrade\dev\ages\castle_age" overrideParent="True" />
						<instance_reference name="statetree_tier_pgb_upgrade_target_entity" value="" />
						<instance_reference name="statetree_tier_pgb_upgrade_target_squad" value="" />
						<string name="tier_attachment_action" value="act_set_current_age_castle" overrideParent="True" />
						<template_reference name="blueprint_conversion_parameters" value="blueprint_conversion_parameters">
							<bool name="reissue_commands" value="False" />
							<bool name="continue_state_trees" value="False" />
							<bool name="remove_from_pending_deaths" value="False" />
						</template_reference>
						<string name="inventory_category_to_refresh_on_tier_up" value="" />
					</group>
				</list>
				<list name="tier_group" overrideParent="True" List.ItemID="913324670">
					<group name="tier" List.ItemID="-1552803920">
						<list name="tier_requirements">
						</list>
						<instance_reference name="attachments" value="attachments\attachment_lists\civilizations\mongol\outskirts\military\mon_military_01" overrideParent="True" />
						<template_reference name="statetree_tier_reached_actions" value="state_tree_reference_info">
							<state_tree_node name="ActionTree_OpeningBranch" value="" />
							<bool name="start_suspended" value="False" />
						</template_reference>
						<instance_reference name="statetree_tier_requirements_pbg" value="" />
						<instance_reference name="statetree_tier_pgb_upgrade_target_entity" value="" />
						<instance_reference name="statetree_tier_pgb_upgrade_target_squad" value="" />
						<string name="tier_attachment_action" value="" />
						<template_reference name="blueprint_conversion_parameters" value="blueprint_conversion_parameters">
							<bool name="reissue_commands" value="False" />
							<bool name="continue_state_trees" value="False" />
							<bool name="remove_from_pending_deaths" value="False" />
						</template_reference>
						<string name="inventory_category_to_refresh_on_tier_up" value="" />
					</group>
				</list>
			</list>
		</template_reference>
		<template_reference name="exts" value="ebpextensions\district_bonuses_ext" overrideParent="True" List.ItemID="1235734463" List.ListAction="Append">
			<bool name="update_on_upgrade_changed" value="False" />
			<bool name="update_on_construction_complete" value="True" />
			<list name="district_bonuses" overrideParent="True">
				<template_reference name="district_bonus" value="district_bonus" comment="Ovoo district bonus.&#xD;&#xA;&#xD;&#xA;Production buildings can produce double units at the cost of stone.&#xD;&#xA;&#xD;&#xA;Upgrade bonus at the cost of stone.&#xD;&#xA;" List.ItemID="1604580805">
					<template_reference name="requirement" value="options\ebpextensions\districtbonusesext\requirements\district_bonus_entity_requirement">
						<list name="dynamic_requirements">
						</list>
						<list name="satisfying_entity_groups" overrideParent="True">
							<group name="satisfying_entity_group" List.ItemID="2006844718">
								<list name="satisfying_entities" overrideParent="True">
									<instance_reference name="entity" value="ebps\races\mongol\buildings\building_stone_deposit_ovoo_mon" List.ItemID="73307402" />
									<instance_reference name="entity" value="ebps\races\mongol\buildings\building_wonder_age3_stupa_mon" List.ItemID="-2144114364" />
								</list>
							</group>
						</list>
					</template_reference>
					<uniqueid name="id" value="1073741833" />
					<template_reference name="action_tree" value="state_tree_reference_info">
						<state_tree_node name="ActionTree_OpeningBranch" value="district_ovoo\root" overrideParent="True" />
						<bool name="start_suspended" value="False" />
					</template_reference>
				</template_reference>
				<template_reference name="district_bonus" value="district_bonus" comment="Stupa specialization bonus (Monasteries grant the Ovoo bonus).&#xD;&#xA;&#xD;&#xA;Production buildings can produce double units at the cost of stone.&#xD;&#xA;&#xD;&#xA;Upgrade bonus at the cost of stone.&#xD;&#xA;" overrideParent="True" List.ItemID="192992323">
					<template_reference name="requirement" value="options\ebpextensions\districtbonusesext\requirements\district_bonus_entity_requirement">
						<list name="dynamic_requirements" overrideParent="True">
							<template_reference name="requirement" value="requirements\required_player_upgrade" List.ItemID="113648964">
								<enum name="reason" value="usage" />
								<locstring name="ui_name" value="0" />
								<bool name="is_present" value="True" />
								<int name="max_completed" value="100" />
								<int name="min_completed" value="1" />
								<instance_reference name="upgrade_name" value="upgrade\races\mongol\research\upgrade_religious_monastery_ovoo_mon" overrideParent="True" />
								<bool name="include_completed" value="True" />
								<bool name="include_queued" value="False" />
								<group name="include_pbg_parenting">
									<bool name="include_child_pbgs" value="False" />
									<bool name="include_parent_pbgs" value="False" />
								</group>
							</template_reference>
						</list>
						<list name="satisfying_entity_groups" overrideParent="True">
							<group name="satisfying_entity_group" List.ItemID="417737887">
								<list name="satisfying_entities" overrideParent="True">
									<instance_reference name="entity" value="ebps\races\mongol\buildings\building_unit_religious_district_mon" overrideParent="True" List.ItemID="947345240" />
								</list>
							</group>
						</list>
					</template_reference>
					<uniqueid name="id" value="1073741834" />
					<template_reference name="action_tree" value="state_tree_reference_info">
						<state_tree_node name="ActionTree_OpeningBranch" value="district_ovoo\root" overrideParent="True" />
						<bool name="start_suspended" value="False" />
					</template_reference>
				</template_reference>
			</list>
		</template_reference>
		<template_reference name="exts" value="ebpextensions\district_generator_ext" overrideParent="True" List.ItemID="1552873704" List.ListAction="Append">
			<float name="range_metres" value="0" overrideParent="True" />
			<int name="generator_value" value="0" overrideParent="True" />
			<bool name="disable_generation_on_spawn" value="False" />
			<bool name="is_root_generator" value="False" />
			<int name="district_palette_id" value="0" overrideParent="True" />
		</template_reference>
	</list>
	<uniqueid name="pbgid" value="129848" />
	<instance_reference name="parent_pbg" value="ebps\races\core\buildings\building_unit_ranged" />
</instance>