<instance version="4" description="Mongol siege workshop" template="ebps">
	<list name="extensions">
		<template_reference name="exts" value="ebpextensions\entity_blueprint_ext" List.ItemID="-1514652847" List.ParentItemID="-1514652847">
			<instance_reference name="animator_attachments" value="attachments\attachment_lists\races\mongol\buildings\building_unit_siege_mongol" overrideParent="True" />
			<bool name="browsable_in_editor" value="True" overrideParent="True" />
			<enum name="subclass_type" value="MongolBuilding" overrideParent="True" />
		</template_reference>
		<template_reference name="exts" value="ebpextensions\site_ext" List.ItemID="-1703617424" List.ParentItemID="-1703617424">
			<bool name="snap_to_construction_grid" value="True" overrideParent="True" />
		</template_reference>
		<template_reference name="exts" value="ebpextensions\type_ext" List.ItemID="529366543" List.ParentItemID="529366543">
			<list name="unit_type_list" overrideParent="True">
				<enum name="unit_type" value="building" List.ItemID="870554579" />
				<enum name="unit_type" value="siege_workshop" List.ItemID="-1020342089" />
				<enum name="unit_type" value="siegeable" List.ItemID="-1219785302" />
				<enum name="unit_type" value="packable_building" List.ItemID="1688645337" />
				<enum name="unit_type" value="military_production_building" List.ItemID="-1603240856" />
				<enum name="unit_type" value="production_building" List.ItemID="128631697" />
				<enum name="unit_type" value="scar_siegeworkshop" List.ItemID="-1829326130" />
				<enum name="unit_type" value="military_only_production" List.ItemID="812776984" />
			</list>
			<list name="race_type_list" overrideParent="True">
				<instance_reference name="race_type" value="racebps\mongol" List.ItemID="-1671965441" />
			</list>
		</template_reference>
		<template_reference name="exts" value="ebpextensions\construction_ext" List.ItemID="-1622541970" List.ParentItemID="-1622541970">
			<state_tree_node name="can_be_cancelled_state_tree_conditions" value="entity_construction_queries_mon\Can_Cancel_Construction" overrideParent="True" />
		</template_reference>
		<template_reference name="exts" value="ebpextensions\ui_ext" List.ItemID="148379165" List.ParentItemID="148379165">
			<file name="icon_name" value="races\common\buildings\siege_workshop" overrideParent="True" />
			<list name="ui_extra_infos" overrideParent="True">
				<template_reference name="ui_extra_info" value="info\ui_extra_info" List.ItemID="-27943020">
					<file name="icon" value="influence_buff" />
					<locstring name="description" value="11198258" />
					<template_reference name="description_formatter" value="">
					</template_reference>
				</template_reference>
			</list>
		</template_reference>
		<template_reference name="exts" value="ebpextensions\spawner_ext" List.ItemID="-2010798804" List.ParentItemID="-2010798804">
			<list name="spawn_items" overrideParent="True">
				<group name="spawn_item" comment="springald - castle" List.ItemID="-966124220">
					<instance_reference name="entity" value="" />
					<instance_reference name="squad" value="sbps\races\mongol\unit_springald_3_mon" overrideParent="True" />
					<bool name="spawn_at_map_entry_point" value="False" />
					<group name="ui_position">
						<int name="ui_position_row" value="1" />
						<int name="ui_position_column" value="1" />
					</group>
					<instance_reference name="ui_menu" value="" />
					<int name="number_to_spawn" value="1" />
					<enum_table name="item_cost_adjustment">
						<float name="action" value="0" />
						<float name="command" value="0" />
						<float name="popcap" value="0" />
						<float name="food" value="0" />
						<float name="wood" value="0" />
						<float name="stone" value="0" />
						<float name="gold" value="0" />
						<float name="militia_hre" value="0" />
					</enum_table>
					<locstring name="ui_screen_name" value="0" />
					<locstring name="ui_help_text" value="0" />
					<bool name="can_be_cancelled" value="True" />
					<int name="number_to_queue_up_to_when_modified" value="5" />
					<list name="additional_squads">
					</list>
					<instance_reference name="hotkey_binding" value="" />
					<template_reference name="ui_info_extended" value="tables\ui_info_ext">
						<template_reference name="command_card_info" value="">
						</template_reference>
						<template_reference name="quick_abilities_info" value="">
						</template_reference>
						<template_reference name="quick_commands_info" value="">
						</template_reference>
						<template_reference name="quick_formation_info" value="">
						</template_reference>
						<template_reference name="ping_menu_info" value="">
						</template_reference>
						<enum name="category" value="Economic" />
						<template_reference name="quick_commands_launch_hud_info" value="ui_quick_commands_launch_hud_info">
							<enum name="quick_commands_hotkey" value="" />
							<int name="quick_commands_priority" value="-1" />
							<int name="quick_commands_slot_index" value="-1" />
							<enum name="quick_commands_hold_time" value="quick_command_hold_time" />
						</template_reference>
						<template_reference name="relic_radial_menu_info" value="">
						</template_reference>
						<enum name="observer_type" value="Disabled" />
					</template_reference>
				</group>
				<group name="spawn_item" comment="mangonel - castle" List.ItemID="-1677664957">
					<instance_reference name="entity" value="" />
					<instance_reference name="squad" value="sbps\races\mongol\unit_mangonel_3_mon" overrideParent="True" />
					<bool name="spawn_at_map_entry_point" value="False" />
					<group name="ui_position">
						<int name="ui_position_row" value="1" />
						<int name="ui_position_column" value="2" />
					</group>
					<instance_reference name="ui_menu" value="" />
					<int name="number_to_spawn" value="1" />
					<enum_table name="item_cost_adjustment">
						<float name="action" value="0" />
						<float name="command" value="0" />
						<float name="popcap" value="0" />
						<float name="food" value="0" />
						<float name="wood" value="0" />
						<float name="stone" value="0" />
						<float name="gold" value="0" />
						<float name="militia_hre" value="0" />
					</enum_table>
					<locstring name="ui_screen_name" value="0" />
					<locstring name="ui_help_text" value="0" />
					<bool name="can_be_cancelled" value="True" />
					<int name="number_to_queue_up_to_when_modified" value="5" />
					<list name="additional_squads">
					</list>
					<instance_reference name="hotkey_binding" value="" />
					<template_reference name="ui_info_extended" value="tables\ui_info_ext">
						<template_reference name="command_card_info" value="">
						</template_reference>
						<template_reference name="quick_abilities_info" value="">
						</template_reference>
						<template_reference name="quick_commands_info" value="">
						</template_reference>
						<template_reference name="quick_formation_info" value="">
						</template_reference>
						<template_reference name="ping_menu_info" value="">
						</template_reference>
						<enum name="category" value="Economic" />
						<template_reference name="quick_commands_launch_hud_info" value="ui_quick_commands_launch_hud_info">
							<enum name="quick_commands_hotkey" value="" />
							<int name="quick_commands_priority" value="-1" />
							<int name="quick_commands_slot_index" value="-1" />
							<enum name="quick_commands_hold_time" value="quick_command_hold_time" />
						</template_reference>
						<template_reference name="relic_radial_menu_info" value="">
						</template_reference>
						<enum name="observer_type" value="Disabled" />
					</template_reference>
				</group>
				<group name="spawn_item" comment="trebuchet - imperial" List.ItemID="2070788087">
					<instance_reference name="entity" value="" />
					<instance_reference name="squad" value="sbps\races\mongol\unit_trebuchet_4_tr_mon" overrideParent="True" />
					<bool name="spawn_at_map_entry_point" value="False" />
					<group name="ui_position">
						<int name="ui_position_row" value="1" />
						<int name="ui_position_column" value="3" />
					</group>
					<instance_reference name="ui_menu" value="" />
					<int name="number_to_spawn" value="1" />
					<enum_table name="item_cost_adjustment">
						<float name="action" value="0" />
						<float name="command" value="0" />
						<float name="popcap" value="0" />
						<float name="food" value="0" />
						<float name="wood" value="0" />
						<float name="stone" value="0" />
						<float name="gold" value="0" />
						<float name="militia_hre" value="0" />
					</enum_table>
					<locstring name="ui_screen_name" value="0" />
					<locstring name="ui_help_text" value="0" />
					<bool name="can_be_cancelled" value="True" />
					<int name="number_to_queue_up_to_when_modified" value="5" />
					<list name="additional_squads">
					</list>
					<instance_reference name="hotkey_binding" value="" />
					<template_reference name="ui_info_extended" value="tables\ui_info_ext">
						<template_reference name="command_card_info" value="">
						</template_reference>
						<template_reference name="quick_abilities_info" value="">
						</template_reference>
						<template_reference name="quick_commands_info" value="">
						</template_reference>
						<template_reference name="quick_formation_info" value="">
						</template_reference>
						<template_reference name="ping_menu_info" value="">
						</template_reference>
						<enum name="category" value="Economic" />
						<template_reference name="quick_commands_launch_hud_info" value="ui_quick_commands_launch_hud_info">
							<enum name="quick_commands_hotkey" value="" />
							<int name="quick_commands_priority" value="-1" />
							<int name="quick_commands_slot_index" value="-1" />
							<enum name="quick_commands_hold_time" value="quick_command_hold_time" />
						</template_reference>
						<template_reference name="relic_radial_menu_info" value="">
						</template_reference>
						<enum name="observer_type" value="Disabled" />
					</template_reference>
				</group>
				<group name="spawn_item" comment="bombard - imperial + chemistry" List.ItemID="-139264862">
					<instance_reference name="entity" value="" />
					<instance_reference name="squad" value="sbps\races\mongol\unit_bombard_4_mon" overrideParent="True" />
					<bool name="spawn_at_map_entry_point" value="False" />
					<group name="ui_position">
						<int name="ui_position_row" value="1" overrideParent="True" />
						<int name="ui_position_column" value="4" overrideParent="True" />
					</group>
					<instance_reference name="ui_menu" value="" />
					<int name="number_to_spawn" value="1" />
					<enum_table name="item_cost_adjustment">
						<float name="action" value="0" />
						<float name="command" value="0" />
						<float name="popcap" value="0" />
						<float name="food" value="0" />
						<float name="wood" value="0" />
						<float name="stone" value="0" />
						<float name="gold" value="0" />
						<float name="militia_hre" value="0" />
					</enum_table>
					<locstring name="ui_screen_name" value="0" />
					<locstring name="ui_help_text" value="0" />
					<bool name="can_be_cancelled" value="True" />
					<int name="number_to_queue_up_to_when_modified" value="5" />
					<list name="additional_squads">
					</list>
					<instance_reference name="hotkey_binding" value="" />
					<template_reference name="ui_info_extended" value="tables\ui_info_ext">
						<template_reference name="command_card_info" value="">
						</template_reference>
						<template_reference name="quick_abilities_info" value="">
						</template_reference>
						<template_reference name="quick_commands_info" value="">
						</template_reference>
						<template_reference name="quick_formation_info" value="">
						</template_reference>
						<template_reference name="ping_menu_info" value="">
						</template_reference>
						<enum name="category" value="Economic" />
						<template_reference name="quick_commands_launch_hud_info" value="ui_quick_commands_launch_hud_info">
							<enum name="quick_commands_hotkey" value="" />
							<int name="quick_commands_priority" value="-1" />
							<int name="quick_commands_slot_index" value="-1" />
							<enum name="quick_commands_hold_time" value="quick_command_hold_time" />
						</template_reference>
						<template_reference name="relic_radial_menu_info" value="">
						</template_reference>
						<enum name="observer_type" value="Disabled" />
					</template_reference>
				</group>
				<group name="spawn_item" comment="springald - castle (double)" List.ItemID="-316777129">
					<instance_reference name="entity" value="" />
					<instance_reference name="squad" value="sbps\races\mongol\unit_springald_3_double_mon" overrideParent="True" />
					<bool name="spawn_at_map_entry_point" value="False" />
					<group name="ui_position">
						<int name="ui_position_row" value="1" />
						<int name="ui_position_column" value="1" />
					</group>
					<instance_reference name="ui_menu" value="menu\mon_improved_production_small" overrideParent="True" />
					<int name="number_to_spawn" value="2" overrideParent="True" />
					<enum_table name="item_cost_adjustment">
						<float name="action" value="0" />
						<float name="command" value="0" />
						<float name="popcap" value="0" />
						<float name="food" value="0" />
						<float name="wood" value="-100" overrideParent="True" />
						<float name="stone" value="200" overrideParent="True" />
						<float name="gold" value="-100" overrideParent="True" />
						<float name="militia_hre" value="0" />
					</enum_table>
					<locstring name="ui_screen_name" value="11153274" />
					<locstring name="ui_help_text" value="11157614" />
					<bool name="can_be_cancelled" value="True" />
					<int name="number_to_queue_up_to_when_modified" value="5" />
					<list name="additional_squads">
					</list>
					<instance_reference name="hotkey_binding" value="" />
					<template_reference name="ui_info_extended" value="tables\ui_info_ext">
						<template_reference name="command_card_info" value="">
						</template_reference>
						<template_reference name="quick_abilities_info" value="">
						</template_reference>
						<template_reference name="quick_commands_info" value="">
						</template_reference>
						<template_reference name="quick_formation_info" value="">
						</template_reference>
						<template_reference name="ping_menu_info" value="">
						</template_reference>
						<enum name="category" value="Economic" />
						<template_reference name="quick_commands_launch_hud_info" value="ui_quick_commands_launch_hud_info">
							<enum name="quick_commands_hotkey" value="" />
							<int name="quick_commands_priority" value="-1" />
							<int name="quick_commands_slot_index" value="-1" />
							<enum name="quick_commands_hold_time" value="quick_command_hold_time" />
						</template_reference>
						<template_reference name="relic_radial_menu_info" value="">
						</template_reference>
						<enum name="observer_type" value="Disabled" />
					</template_reference>
				</group>
				<group name="spawn_item" comment="mangonel - castle (double)" List.ItemID="-550364421">
					<instance_reference name="entity" value="" />
					<instance_reference name="squad" value="sbps\races\mongol\unit_mangonel_3_double_mon" overrideParent="True" />
					<bool name="spawn_at_map_entry_point" value="False" />
					<group name="ui_position">
						<int name="ui_position_row" value="1" />
						<int name="ui_position_column" value="2" />
					</group>
					<instance_reference name="ui_menu" value="menu\mon_improved_production_small" overrideParent="True" />
					<int name="number_to_spawn" value="2" overrideParent="True" />
					<enum_table name="item_cost_adjustment">
						<float name="action" value="0" />
						<float name="command" value="0" />
						<float name="popcap" value="0" />
						<float name="food" value="0" />
						<float name="wood" value="-200" overrideParent="True" />
						<float name="stone" value="300" overrideParent="True" />
						<float name="gold" value="-100" overrideParent="True" />
						<float name="militia_hre" value="0" />
					</enum_table>
					<locstring name="ui_screen_name" value="11153272" />
					<locstring name="ui_help_text" value="11157612" />
					<bool name="can_be_cancelled" value="True" />
					<int name="number_to_queue_up_to_when_modified" value="5" />
					<list name="additional_squads">
					</list>
					<instance_reference name="hotkey_binding" value="" />
					<template_reference name="ui_info_extended" value="tables\ui_info_ext">
						<template_reference name="command_card_info" value="">
						</template_reference>
						<template_reference name="quick_abilities_info" value="">
						</template_reference>
						<template_reference name="quick_commands_info" value="">
						</template_reference>
						<template_reference name="quick_formation_info" value="">
						</template_reference>
						<template_reference name="ping_menu_info" value="">
						</template_reference>
						<enum name="category" value="Economic" />
						<template_reference name="quick_commands_launch_hud_info" value="ui_quick_commands_launch_hud_info">
							<enum name="quick_commands_hotkey" value="" />
							<int name="quick_commands_priority" value="-1" />
							<int name="quick_commands_slot_index" value="-1" />
							<enum name="quick_commands_hold_time" value="quick_command_hold_time" />
						</template_reference>
						<template_reference name="relic_radial_menu_info" value="">
						</template_reference>
						<enum name="observer_type" value="Disabled" />
					</template_reference>
				</group>
				<group name="spawn_item" comment="trebuchet - imperial (double)" List.ItemID="1076253444">
					<instance_reference name="entity" value="" />
					<instance_reference name="squad" value="sbps\races\mongol\unit_trebuchet_4_tr_double_mon" overrideParent="True" />
					<bool name="spawn_at_map_entry_point" value="False" />
					<group name="ui_position">
						<int name="ui_position_row" value="1" />
						<int name="ui_position_column" value="3" />
					</group>
					<instance_reference name="ui_menu" value="menu\mon_improved_production_small" overrideParent="True" />
					<int name="number_to_spawn" value="2" overrideParent="True" />
					<enum_table name="item_cost_adjustment">
						<float name="action" value="0" />
						<float name="command" value="0" />
						<float name="popcap" value="0" overrideParent="True" />
						<float name="food" value="0" />
						<float name="wood" value="-200" overrideParent="True" />
						<float name="stone" value="325" overrideParent="True" />
						<float name="gold" value="-75" overrideParent="True" />
						<float name="militia_hre" value="0" />
					</enum_table>
					<locstring name="ui_screen_name" value="11157607" />
					<locstring name="ui_help_text" value="11157608" />
					<bool name="can_be_cancelled" value="True" />
					<int name="number_to_queue_up_to_when_modified" value="5" />
					<list name="additional_squads">
					</list>
					<instance_reference name="hotkey_binding" value="" />
					<template_reference name="ui_info_extended" value="tables\ui_info_ext">
						<template_reference name="command_card_info" value="">
						</template_reference>
						<template_reference name="quick_abilities_info" value="">
						</template_reference>
						<template_reference name="quick_commands_info" value="">
						</template_reference>
						<template_reference name="quick_formation_info" value="">
						</template_reference>
						<template_reference name="ping_menu_info" value="">
						</template_reference>
						<enum name="category" value="Economic" />
						<template_reference name="quick_commands_launch_hud_info" value="ui_quick_commands_launch_hud_info">
							<enum name="quick_commands_hotkey" value="" />
							<int name="quick_commands_priority" value="-1" />
							<int name="quick_commands_slot_index" value="-1" />
							<enum name="quick_commands_hold_time" value="quick_command_hold_time" />
						</template_reference>
						<template_reference name="relic_radial_menu_info" value="">
						</template_reference>
						<enum name="observer_type" value="Disabled" />
					</template_reference>
				</group>
				<group name="spawn_item" comment="bombard - imperial + chemistry (double)" List.ItemID="-1295882405">
					<instance_reference name="entity" value="" />
					<instance_reference name="squad" value="sbps\races\mongol\unit_bombard_4_double_mon" overrideParent="True" />
					<bool name="spawn_at_map_entry_point" value="False" />
					<group name="ui_position">
						<int name="ui_position_row" value="1" overrideParent="True" />
						<int name="ui_position_column" value="4" overrideParent="True" />
					</group>
					<instance_reference name="ui_menu" value="menu\mon_improved_production_small" overrideParent="True" />
					<int name="number_to_spawn" value="2" overrideParent="True" />
					<enum_table name="item_cost_adjustment">
						<float name="action" value="0" />
						<float name="command" value="0" />
						<float name="popcap" value="0" />
						<float name="food" value="0" />
						<float name="wood" value="-200" overrideParent="True" />
						<float name="stone" value="500" overrideParent="True" />
						<float name="gold" value="-300" overrideParent="True" />
						<float name="militia_hre" value="0" />
					</enum_table>
					<locstring name="ui_screen_name" value="11153252" />
					<locstring name="ui_help_text" value="11157611" />
					<bool name="can_be_cancelled" value="True" />
					<int name="number_to_queue_up_to_when_modified" value="5" />
					<list name="additional_squads">
					</list>
					<instance_reference name="hotkey_binding" value="" />
					<template_reference name="ui_info_extended" value="tables\ui_info_ext">
						<template_reference name="command_card_info" value="">
						</template_reference>
						<template_reference name="quick_abilities_info" value="">
						</template_reference>
						<template_reference name="quick_commands_info" value="">
						</template_reference>
						<template_reference name="quick_formation_info" value="">
						</template_reference>
						<template_reference name="ping_menu_info" value="">
						</template_reference>
						<enum name="category" value="Economic" />
						<template_reference name="quick_commands_launch_hud_info" value="ui_quick_commands_launch_hud_info">
							<enum name="quick_commands_hotkey" value="" />
							<int name="quick_commands_priority" value="-1" />
							<int name="quick_commands_slot_index" value="-1" />
							<enum name="quick_commands_hold_time" value="quick_command_hold_time" />
						</template_reference>
						<template_reference name="relic_radial_menu_info" value="">
						</template_reference>
						<enum name="observer_type" value="Disabled" />
					</template_reference>
				</group>
			</list>
		</template_reference>
		<template_reference name="exts" value="ebpextensions\upgrade_ext" List.ItemID="2110079480" List.ParentItemID="2110079480">
			<list name="standard_upgrades" overrideParent="True">
				<instance_reference name="upgrade" value="upgrade\races\mongol\research\upgrade_siege_roller_trigger_mon" List.ItemID="1802109487" />
				<instance_reference name="upgrade" value="upgrade\races\mongol\research\upgrade_siege_adjustable_crossbar_mon" List.ItemID="862882649" />
				<instance_reference name="upgrade" value="upgrade\races\mongol\research\upgrade_siege_weapon_speed_mon" List.ItemID="-1997780968" />
				<instance_reference name="upgrade" value="upgrade\races\mongol\research\upgrade_siege_works_mon" List.ItemID="-711456032" />
				<instance_reference name="upgrade" value="upgrade\races\mongol\research\upgrade_siege_roller_trigger_improved_mon" List.ItemID="438776667" />
				<instance_reference name="upgrade" value="upgrade\races\mongol\research\upgrade_siege_adjustable_crossbar_improved_mon" List.ItemID="-1924136232" />
				<instance_reference name="upgrade" value="upgrade\races\mongol\research\upgrade_siege_weapon_speed_improved_mon" List.ItemID="-1852357401" />
				<instance_reference name="upgrade" value="upgrade\races\mongol\research\upgrade_siege_works_improved_mon" List.ItemID="2134530591" />
			</list>
		</template_reference>
		<template_reference name="exts" value="ebpextensions\ability_ext" List.ItemID="-1532051761" List.ParentItemID="-1532051761">
			<list name="abilities" overrideParent="True">
				<instance_reference name="ability" value="abilities\timed_abilities\civ_core\core_building_scuttle" List.ItemID="-2095873243" />
			</list>
		</template_reference>
		<template_reference name="exts" value="ebpextensions\action_tree_ext" List.ItemID="838275960" List.ParentItemID="838275960">
			<state_tree_node name="fallback_default_move_command_conditions" value="entity_construction_queries_mon\Can_Queue_Move_Commands" overrideParent="True" />
		</template_reference>
		<template_reference name="exts" value="ebpextensions\statemodel_ext" comment="Make sure the building and moving building are referencing the same schema, if they are using different schemas unpacking will break." List.ItemID="1340177556" List.ParentItemID="1340177556">
			<instance_reference name="schema" value="statemodel_schema\buildings\civilizations\mongols\unit_siege_mon" overrideParent="True" />
		</template_reference>
		<template_reference name="exts" value="ebpextensions\tier_ext" List.ItemID="420356750" List.ListAction="Append">
			<list name="tier_group_list" overrideParent="True">
				<list name="tier_group" overrideParent="True" List.ItemID="76257009">
					<group name="tier" List.ItemID="-576786653">
						<list name="tier_requirements">
						</list>
						<instance_reference name="attachments" value="attachments\attachment_lists\civilizations\mongol\buildings\unit_siege_mon\tier3_unit_siege_mon" />
						<template_reference name="statetree_tier_reached_actions" value="state_tree_reference_info">
							<state_tree_node name="ActionTree_OpeningBranch" value="" />
							<bool name="start_suspended" value="False" />
						</template_reference>
						<instance_reference name="statetree_tier_requirements_pbg" value="" />
						<instance_reference name="statetree_tier_pgb_upgrade_target_entity" value="" />
						<instance_reference name="statetree_tier_pgb_upgrade_target_squad" value="" />
						<string name="tier_attachment_action" value="" />
						<template_reference name="blueprint_conversion_parameters" value="blueprint_conversion_parameters">
							<bool name="reissue_commands" value="False" />
							<bool name="continue_state_trees" value="False" />
							<bool name="remove_from_pending_deaths" value="False" />
						</template_reference>
						<string name="inventory_category_to_refresh_on_tier_up" value="" />
					</group>
				</list>
				<list name="tier_group" overrideParent="True" List.ItemID="-2113324553">
					<group name="tier" List.ItemID="656019207">
						<list name="tier_requirements">
						</list>
						<instance_reference name="attachments" value="attachments\attachment_lists\civilizations\mongol\outskirts\military\mon_military_01" overrideParent="True" />
						<template_reference name="statetree_tier_reached_actions" value="state_tree_reference_info">
							<state_tree_node name="ActionTree_OpeningBranch" value="" />
							<bool name="start_suspended" value="False" />
						</template_reference>
						<instance_reference name="statetree_tier_requirements_pbg" value="" />
						<instance_reference name="statetree_tier_pgb_upgrade_target_entity" value="" />
						<instance_reference name="statetree_tier_pgb_upgrade_target_squad" value="" />
						<string name="tier_attachment_action" value="" />
						<template_reference name="blueprint_conversion_parameters" value="blueprint_conversion_parameters">
							<bool name="reissue_commands" value="False" />
							<bool name="continue_state_trees" value="False" />
							<bool name="remove_from_pending_deaths" value="False" />
						</template_reference>
						<string name="inventory_category_to_refresh_on_tier_up" value="" />
					</group>
				</list>
			</list>
		</template_reference>
		<template_reference name="exts" value="ebpextensions\district_generator_ext" overrideParent="True" List.ItemID="983924623" List.ListAction="Append">
			<float name="range_metres" value="0" overrideParent="True" />
			<int name="generator_value" value="0" overrideParent="True" />
			<bool name="disable_generation_on_spawn" value="False" />
			<bool name="is_root_generator" value="False" />
			<int name="district_palette_id" value="0" overrideParent="True" />
		</template_reference>
		<template_reference name="exts" value="ebpextensions\district_bonuses_ext" overrideParent="True" List.ItemID="1343249789" List.ListAction="Append">
			<bool name="update_on_upgrade_changed" value="False" />
			<bool name="update_on_construction_complete" value="True" />
			<list name="district_bonuses" overrideParent="True">
				<template_reference name="district_bonus" value="district_bonus" comment="Ovoo district bonus.&#xD;&#xA;&#xD;&#xA;Production buildings can produce double units at the cost of stone.&#xD;&#xA;&#xD;&#xA;Upgrade bonus at the cost of stone.&#xD;&#xA;" List.ItemID="1590163166">
					<template_reference name="requirement" value="options\ebpextensions\districtbonusesext\requirements\district_bonus_entity_requirement">
						<list name="dynamic_requirements">
						</list>
						<list name="satisfying_entity_groups" overrideParent="True">
							<group name="satisfying_entity_group" List.ItemID="-569987827">
								<list name="satisfying_entities" overrideParent="True">
									<instance_reference name="entity" value="ebps\races\mongol\buildings\building_stone_deposit_ovoo_mon" List.ItemID="201642267" />
									<instance_reference name="entity" value="ebps\races\mongol\buildings\building_wonder_age3_stupa_mon" List.ItemID="2028567496" />
								</list>
							</group>
						</list>
					</template_reference>
					<uniqueid name="id" value="1073741835" />
					<template_reference name="action_tree" value="state_tree_reference_info">
						<state_tree_node name="ActionTree_OpeningBranch" value="district_ovoo\root" overrideParent="True" />
						<bool name="start_suspended" value="False" />
					</template_reference>
				</template_reference>
				<template_reference name="district_bonus" value="district_bonus" comment="Stupa specialization bonus (Monasteries grant the Ovoo bonus).&#xD;&#xA;&#xD;&#xA;Production buildings can produce double units at the cost of stone.&#xD;&#xA;&#xD;&#xA;Upgrade bonus at the cost of stone.&#xD;&#xA;" overrideParent="True" List.ItemID="-1110972717">
					<template_reference name="requirement" value="options\ebpextensions\districtbonusesext\requirements\district_bonus_entity_requirement">
						<list name="dynamic_requirements" overrideParent="True">
							<template_reference name="requirement" value="requirements\required_player_upgrade" List.ItemID="1994938168">
								<enum name="reason" value="usage" />
								<locstring name="ui_name" value="0" />
								<bool name="is_present" value="True" />
								<int name="max_completed" value="100" />
								<int name="min_completed" value="1" />
								<instance_reference name="upgrade_name" value="upgrade\races\mongol\research\upgrade_religious_monastery_ovoo_mon" overrideParent="True" />
								<bool name="include_completed" value="True" />
								<bool name="include_queued" value="False" />
								<group name="include_pbg_parenting">
									<bool name="include_child_pbgs" value="False" />
									<bool name="include_parent_pbgs" value="False" />
								</group>
							</template_reference>
						</list>
						<list name="satisfying_entity_groups" overrideParent="True">
							<group name="satisfying_entity_group" List.ItemID="959287848">
								<list name="satisfying_entities" overrideParent="True">
									<instance_reference name="entity" value="ebps\races\mongol\buildings\building_unit_religious_district_mon" overrideParent="True" List.ItemID="-886414940" />
								</list>
							</group>
						</list>
					</template_reference>
					<uniqueid name="id" value="1073741836" />
					<template_reference name="action_tree" value="state_tree_reference_info">
						<state_tree_node name="ActionTree_OpeningBranch" value="district_ovoo\root" overrideParent="True" />
						<bool name="start_suspended" value="False" />
					</template_reference>
				</template_reference>
			</list>
		</template_reference>
	</list>
	<uniqueid name="pbgid" value="129855" />
	<instance_reference name="parent_pbg" value="ebps\races\core\buildings\building_unit_siege" />
</instance>