<instance version="4" description="Mongol market" template="ebps">
	<list name="extensions">
		<template_reference name="exts" value="ebpextensions\entity_blueprint_ext" List.ItemID="-705202416" List.ParentItemID="-705202416">
			<instance_reference name="animator_attachments" value="attachments\attachment_lists\races\mongol\buildings\building_econ_market_mongol" overrideParent="True" />
			<bool name="browsable_in_editor" value="True" overrideParent="True" />
			<enum name="subclass_type" value="MongolBuilding" overrideParent="True" />
		</template_reference>
		<template_reference name="exts" value="ebpextensions\site_ext" List.ItemID="-1940419197" List.ParentItemID="-1940419197">
			<bool name="snap_to_construction_grid" value="True" overrideParent="True" />
		</template_reference>
		<template_reference name="exts" value="ebpextensions\type_ext" List.ItemID="95489877" List.ParentItemID="95489877">
			<list name="unit_type_list" overrideParent="True">
				<enum name="unit_type" value="building" List.ItemID="-1512689622" />
				<enum name="unit_type" value="trade_post" List.ItemID="1697527026" />
				<enum name="unit_type" value="siegeable" List.ItemID="1755234556" />
				<enum name="unit_type" value="packable_building" List.ItemID="-1223532044" />
				<enum name="unit_type" value="economy_building" List.ItemID="265333112" />
				<enum name="unit_type" value="scar_market" List.ItemID="809706247" />
				<enum name="unit_type" value="exchange" List.ItemID="-2018780568" />
				<enum name="unit_type" value="market_keybinding" List.ItemID="-939061109" />
			</list>
			<list name="race_type_list" overrideParent="True">
				<instance_reference name="race_type" value="racebps\mongol" List.ItemID="-1641862492" />
			</list>
		</template_reference>
		<template_reference name="exts" value="ebpextensions\construction_ext" List.ItemID="387816879" List.ParentItemID="387816879">
			<state_tree_node name="can_be_cancelled_state_tree_conditions" value="entity_construction_queries_mon\Can_Cancel_Construction" overrideParent="True" />
		</template_reference>
		<template_reference name="exts" value="ebpextensions\ui_ext" List.ItemID="202708967" List.ParentItemID="202708967">
			<list name="ui_extra_infos" overrideParent="True">
				<template_reference name="ui_extra_info" value="info\ui_extra_info" List.ItemID="-194900105">
					<file name="icon" value="influence_buff" />
					<locstring name="description" value="11198258" />
					<template_reference name="description_formatter" value="">
					</template_reference>
				</template_reference>
			</list>
		</template_reference>
		<template_reference name="exts" value="ebpextensions\ability_ext" List.ItemID="2041455427" List.ParentItemID="2041455427">
			<list name="abilities" overrideParent="True">
				<instance_reference name="ability" value="abilities\timed_abilities\civ_core\core_market_sell_food" List.ItemID="-245447575" />
				<instance_reference name="ability" value="abilities\timed_abilities\civ_core\core_market_sell_wood" List.ItemID="-1285304536" />
				<instance_reference name="ability" value="abilities\timed_abilities\civ_core\core_market_buy_food" List.ItemID="915012344" />
				<instance_reference name="ability" value="abilities\timed_abilities\civ_core\core_market_buy_wood" List.ItemID="-252650467" />
				<instance_reference name="ability" value="abilities\timed_abilities\civ_core\core_building_scuttle" List.ItemID="-974473345" />
				<instance_reference name="ability" value="abilities\always_on_abilities\mongol\market_silk_road_passive_ui_mon" List.ItemID="468422761" />
				<instance_reference name="ability" value="abilities\timed_abilities\civ_core\core_market_buy_stone" List.ItemID="2065173143" />
				<instance_reference name="ability" value="abilities\timed_abilities\civ_core\core_market_sell_stone" List.ItemID="-596100776" />
			</list>
		</template_reference>
		<template_reference name="exts" value="ebpextensions\spawner_ext" List.ItemID="827068779" List.ParentItemID="827068779">
			<list name="spawn_items" overrideParent="True">
				<group name="spawn_item" List.ItemID="-185894431">
					<instance_reference name="entity" value="" />
					<instance_reference name="squad" value="sbps\races\mongol\unit_trade_cart_mon" />
					<bool name="spawn_at_map_entry_point" value="False" />
					<group name="ui_position">
						<int name="ui_position_row" value="1" overrideParent="True" />
						<int name="ui_position_column" value="1" overrideParent="True" />
					</group>
					<instance_reference name="ui_menu" value="" />
					<int name="number_to_spawn" value="1" />
					<enum_table name="item_cost_adjustment">
						<float name="action" value="0" />
						<float name="command" value="0" />
						<float name="popcap" value="0" />
						<float name="food" value="0" />
						<float name="wood" value="0" />
						<float name="stone" value="0" />
						<float name="gold" value="0" />
						<float name="militia_hre" value="0" />
					</enum_table>
					<locstring name="ui_screen_name" value="0" />
					<locstring name="ui_help_text" value="0" />
					<bool name="can_be_cancelled" value="True" />
					<int name="number_to_queue_up_to_when_modified" value="5" />
					<list name="additional_squads">
					</list>
					<instance_reference name="hotkey_binding" value="hotkeys\hotkey_binding\building_market\produce_trade_cart" overrideParent="True" />
					<template_reference name="ui_info_extended" value="tables\ui_info_ext">
						<template_reference name="command_card_info" value="">
						</template_reference>
						<template_reference name="quick_abilities_info" value="">
						</template_reference>
						<template_reference name="quick_commands_info" value="ui_quick_commands_info" overrideParent="True">
							<int name="quick_commands_slot_index" value="0" overrideParent="True" />
							<enum name="quick_commands_hotkey" value="x_quick_command_y" overrideParent="True" />
							<int name="quick_commands_priority" value="5" overrideParent="True" />
						</template_reference>
						<template_reference name="quick_formation_info" value="">
						</template_reference>
						<template_reference name="ping_menu_info" value="">
						</template_reference>
						<enum name="category" value="Economic" />
						<template_reference name="quick_commands_launch_hud_info" value="ui_quick_commands_launch_hud_info" overrideParent="True">
							<enum name="quick_commands_hotkey" value="x_quick_command_y" />
							<int name="quick_commands_priority" value="5" />
							<int name="quick_commands_slot_index" value="2" />
							<enum name="quick_commands_hold_time" value="quick_command_hold_time" />
						</template_reference>
						<template_reference name="relic_radial_menu_info" value="relic_radial_menu\relic_radial_menu_info" overrideParent="True">
							<instance_reference name="menu" value="relic_radial_menu\relic_radial_menu\default" overrideParent="True" />
							<int name="nominal_index" value="0" overrideParent="True" />
							<int name="priority" value="0" />
							<instance_reference name="linked" value="" />
						</template_reference>
						<enum name="observer_type" value="Disabled" />
					</template_reference>
				</group>
				<group name="spawn_item" comment="Double unit spawn" List.ItemID="1657378600">
					<instance_reference name="entity" value="" />
					<instance_reference name="squad" value="sbps\races\mongol\unit_trade_cart_double_mon" overrideParent="True" />
					<bool name="spawn_at_map_entry_point" value="False" />
					<group name="ui_position">
						<int name="ui_position_row" value="1" overrideParent="True" />
						<int name="ui_position_column" value="1" overrideParent="True" />
					</group>
					<instance_reference name="ui_menu" value="menu\mon_improved_production" overrideParent="True" />
					<int name="number_to_spawn" value="2" overrideParent="True" />
					<enum_table name="item_cost_adjustment">
						<float name="action" value="0" />
						<float name="command" value="0" />
						<float name="popcap" value="0" />
						<float name="food" value="0" />
						<float name="wood" value="-30" overrideParent="True" />
						<float name="stone" value="60" overrideParent="True" />
						<float name="gold" value="-30" overrideParent="True" />
						<float name="militia_hre" value="0" />
					</enum_table>
					<locstring name="ui_screen_name" value="11153280" />
					<locstring name="ui_help_text" value="0" />
					<bool name="can_be_cancelled" value="True" />
					<int name="number_to_queue_up_to_when_modified" value="5" />
					<list name="additional_squads">
					</list>
					<instance_reference name="hotkey_binding" value="hotkeys\hotkey_binding\building_market\produce_trade_cart" overrideParent="True" />
					<template_reference name="ui_info_extended" value="tables\ui_info_ext">
						<template_reference name="command_card_info" value="ui_command_card_info" overrideParent="True">
							<group name="ui_position">
								<int name="ui_position_row" value="1" overrideParent="True" />
								<int name="ui_position_column" value="1" overrideParent="True" />
							</group>
							<int name="command_card_priority" value="1" overrideParent="True" />
						</template_reference>
						<template_reference name="quick_abilities_info" value="">
						</template_reference>
						<template_reference name="quick_commands_info" value="" overrideParent="True">
						</template_reference>
						<template_reference name="quick_formation_info" value="">
						</template_reference>
						<template_reference name="ping_menu_info" value="">
						</template_reference>
						<enum name="category" value="Economic" />
						<template_reference name="quick_commands_launch_hud_info" value="ui_quick_commands_launch_hud_info">
							<enum name="quick_commands_hotkey" value="" />
							<int name="quick_commands_priority" value="-1" />
							<int name="quick_commands_slot_index" value="-1" />
							<enum name="quick_commands_hold_time" value="quick_command_hold_time" />
						</template_reference>
						<template_reference name="relic_radial_menu_info" value="relic_radial_menu\relic_radial_menu_info" overrideParent="True">
							<instance_reference name="menu" value="relic_radial_menu\relic_radial_menu\mon_improved" overrideParent="True" />
							<int name="nominal_index" value="0" />
							<int name="priority" value="0" />
							<instance_reference name="linked" value="" />
						</template_reference>
						<enum name="observer_type" value="Disabled" />
					</template_reference>
				</group>
			</list>
			<instance_reference name="rally_pass_type" value="pass_types\vehicle" overrideParent="True" />
		</template_reference>
		<template_reference name="exts" value="ebpextensions\statemodel_ext" comment="Make sure the building and moving building are referencing the same schema, if they are using different schemas unpacking will break." List.ItemID="-427887940" List.ParentItemID="-427887940">
			<instance_reference name="schema" value="statemodel_schema\buildings\civilizations\mongols\market_mon" overrideParent="True" />
		</template_reference>
		<template_reference name="exts" value="ebpextensions\audio_ext" List.ItemID="1917628896" List.ParentItemID="1917628896">
			<int name="music_importance" value="30" overrideParent="True" />
			<int name="combat_importance" value="-30" overrideParent="True" />
		</template_reference>
		<template_reference name="exts" value="ebpextensions\upgrade_ext" List.ItemID="2083314507" List.ParentItemID="2083314507">
			<list name="standard_upgrades" overrideParent="True">
				<instance_reference name="upgrade" value="upgrade\races\mongol\research\unique\upgrade_trader_silkroad_stone_improved_mon" List.ItemID="-1002476504" />
				<instance_reference name="upgrade" value="upgrade\races\mongol\research\unique\upgrade_trader_silkroad_stone_mon" List.ItemID="-843765775" />
			</list>
		</template_reference>
		<template_reference name="exts" value="ebpextensions\district_bonuses_ext" overrideParent="True" List.ItemID="1060355291" List.ListAction="Append">
			<bool name="update_on_upgrade_changed" value="False" />
			<bool name="update_on_construction_complete" value="True" />
			<list name="district_bonuses">
				<template_reference name="district_bonus" value="district_bonus" comment="Ovoo district bonus.&#xD;&#xA;&#xD;&#xA;Production buildings can produce double units at the cost of stone.&#xD;&#xA;&#xD;&#xA;Upgrade bonus at the cost of stone.&#xD;&#xA;" List.ItemID="-1693737910">
					<template_reference name="requirement" value="options\ebpextensions\districtbonusesext\requirements\district_bonus_entity_requirement">
						<list name="dynamic_requirements">
						</list>
						<list name="satisfying_entity_groups" overrideParent="True">
							<group name="satisfying_entity_group" List.ItemID="-1528872358">
								<list name="satisfying_entities" overrideParent="True">
									<instance_reference name="entity" value="ebps\races\mongol\buildings\building_stone_deposit_ovoo_mon" overrideParent="True" List.ItemID="1949596310" />
									<instance_reference name="entity" value="ebps\races\mongol\buildings\building_wonder_age3_stupa_mon" List.ItemID="1055815534" />
									<instance_reference name="entity" value="ebps\races\mongol\buildings\building_stone_deposit_ovoo_large_mon" List.ItemID="1490604662" />
								</list>
							</group>
						</list>
					</template_reference>
					<uniqueid name="id" value="1073741843" />
					<template_reference name="action_tree" value="state_tree_reference_info">
						<state_tree_node name="ActionTree_OpeningBranch" value="district_ovoo\root" overrideParent="True" />
						<bool name="start_suspended" value="False" />
					</template_reference>
				</template_reference>
				<template_reference name="district_bonus" value="district_bonus" comment="Stupa specialization bonus (Monasteries grant the Ovoo bonus).&#xD;&#xA;&#xD;&#xA;Production buildings can produce double units at the cost of stone.&#xD;&#xA;&#xD;&#xA;Upgrade bonus at the cost of stone.&#xD;&#xA;" overrideParent="True" List.ItemID="1022334343">
					<template_reference name="requirement" value="options\ebpextensions\districtbonusesext\requirements\district_bonus_entity_requirement">
						<list name="dynamic_requirements" overrideParent="True">
							<template_reference name="requirement" value="requirements\required_player_upgrade" List.ItemID="155293346">
								<enum name="reason" value="usage" />
								<locstring name="ui_name" value="0" />
								<bool name="is_present" value="True" />
								<int name="max_completed" value="100" />
								<int name="min_completed" value="1" />
								<instance_reference name="upgrade_name" value="upgrade\races\mongol\research\upgrade_religious_monastery_ovoo_mon" overrideParent="True" />
								<bool name="include_completed" value="True" />
								<bool name="include_queued" value="False" />
								<group name="include_pbg_parenting">
									<bool name="include_child_pbgs" value="False" />
									<bool name="include_parent_pbgs" value="False" />
								</group>
							</template_reference>
						</list>
						<list name="satisfying_entity_groups" overrideParent="True">
							<group name="satisfying_entity_group" List.ItemID="753719175">
								<list name="satisfying_entities" overrideParent="True">
									<instance_reference name="entity" value="ebps\races\mongol\buildings\building_unit_religious_district_mon" overrideParent="True" List.ItemID="282910176" />
								</list>
							</group>
						</list>
					</template_reference>
					<uniqueid name="id" value="1073741844" />
					<template_reference name="action_tree" value="state_tree_reference_info">
						<state_tree_node name="ActionTree_OpeningBranch" value="district_ovoo\root" overrideParent="True" />
						<bool name="start_suspended" value="False" />
					</template_reference>
				</template_reference>
			</list>
		</template_reference>
		<template_reference name="exts" value="ebpextensions\tier_ext" List.ItemID="-802297713" List.ListAction="Append">
			<list name="tier_group_list" overrideParent="True">
				<list name="tier_group" overrideParent="True" List.ItemID="764317142">
					<group name="tier" List.ItemID="191971630">
						<list name="tier_requirements">
						</list>
						<instance_reference name="attachments" value="attachments\attachment_lists\civilizations\mongol\buildings\econ_market_mon\tier2_econ_market_mon" />
						<template_reference name="statetree_tier_reached_actions" value="state_tree_reference_info">
							<state_tree_node name="ActionTree_OpeningBranch" value="" />
							<bool name="start_suspended" value="False" />
						</template_reference>
						<instance_reference name="statetree_tier_requirements_pbg" value="" />
						<instance_reference name="statetree_tier_pgb_upgrade_target_entity" value="" />
						<instance_reference name="statetree_tier_pgb_upgrade_target_squad" value="" />
						<string name="tier_attachment_action" value="act_set_current_age_castle" overrideParent="True" />
						<template_reference name="blueprint_conversion_parameters" value="blueprint_conversion_parameters">
							<bool name="reissue_commands" value="False" />
							<bool name="continue_state_trees" value="False" />
							<bool name="remove_from_pending_deaths" value="False" />
						</template_reference>
						<string name="inventory_category_to_refresh_on_tier_up" value="" />
					</group>
					<group name="tier" List.ItemID="-232041260">
						<list name="tier_requirements" overrideParent="True">
							<template_reference name="requirement" value="requirements\required_player_upgrade" List.ItemID="-1369415236">
								<enum name="reason" value="usage" />
								<locstring name="ui_name" value="0" />
								<bool name="is_present" value="True" />
								<int name="max_completed" value="100" />
								<int name="min_completed" value="1" />
								<instance_reference name="upgrade_name" value="upgrade\dev\ages\castle_age" />
								<bool name="include_queued" value="False" />
								<group name="include_pbg_parenting">
									<bool name="include_child_pbgs" value="False" />
									<bool name="include_parent_pbgs" value="False" />
								</group>
								<bool name="include_completed" value="True" />
							</template_reference>
						</list>
						<instance_reference name="attachments" value="attachments\attachment_lists\civilizations\mongol\buildings\econ_market_mon\tier3_econ_market_mon" />
						<template_reference name="statetree_tier_reached_actions" value="state_tree_reference_info">
							<state_tree_node name="ActionTree_OpeningBranch" value="" />
							<bool name="start_suspended" value="False" />
						</template_reference>
						<instance_reference name="statetree_tier_requirements_pbg" value="upgrade\dev\ages\castle_age" overrideParent="True" />
						<instance_reference name="statetree_tier_pgb_upgrade_target_entity" value="" />
						<instance_reference name="statetree_tier_pgb_upgrade_target_squad" value="" />
						<string name="tier_attachment_action" value="act_set_current_age_imperial" overrideParent="True" />
						<template_reference name="blueprint_conversion_parameters" value="blueprint_conversion_parameters">
							<bool name="reissue_commands" value="False" />
							<bool name="continue_state_trees" value="False" />
							<bool name="remove_from_pending_deaths" value="False" />
						</template_reference>
						<string name="inventory_category_to_refresh_on_tier_up" value="" />
					</group>
				</list>
				<list name="tier_group" overrideParent="True" List.ItemID="1598555655">
					<group name="tier" List.ItemID="-286064424">
						<list name="tier_requirements">
						</list>
						<instance_reference name="attachments" value="attachments\attachment_lists\civilizations\mongol\outskirts\general\mon_market_02" overrideParent="True" />
						<template_reference name="statetree_tier_reached_actions" value="state_tree_reference_info">
							<state_tree_node name="ActionTree_OpeningBranch" value="" />
							<bool name="start_suspended" value="False" />
						</template_reference>
						<instance_reference name="statetree_tier_requirements_pbg" value="" />
						<instance_reference name="statetree_tier_pgb_upgrade_target_entity" value="" />
						<instance_reference name="statetree_tier_pgb_upgrade_target_squad" value="" />
						<string name="tier_attachment_action" value="" />
						<template_reference name="blueprint_conversion_parameters" value="blueprint_conversion_parameters">
							<bool name="reissue_commands" value="False" />
							<bool name="continue_state_trees" value="False" />
							<bool name="remove_from_pending_deaths" value="False" />
						</template_reference>
						<string name="inventory_category_to_refresh_on_tier_up" value="" />
					</group>
				</list>
			</list>
		</template_reference>
		<template_reference name="exts" value="ebpextensions\district_generator_ext" overrideParent="True" List.ItemID="551442384" List.ListAction="Append">
			<float name="range_metres" value="0" overrideParent="True" />
			<int name="generator_value" value="0" overrideParent="True" />
			<bool name="disable_generation_on_spawn" value="False" />
			<bool name="is_root_generator" value="False" />
			<int name="district_palette_id" value="0" overrideParent="True" />
		</template_reference>
	</list>
	<uniqueid name="pbgid" value="129989" />
	<instance_reference name="parent_pbg" value="ebps\races\core\buildings\building_econ_market" />
</instance>