<instance version="4" description="Mongol blacksmith" template="ebps">
	<list name="extensions">
		<template_reference name="exts" value="ebpextensions\entity_blueprint_ext" List.ItemID="-1270876202" List.ParentItemID="-1270876202">
			<instance_reference name="animator_attachments" value="attachments\attachment_lists\races\mongol\buildings\building_tech_unit_infantry_mongol" overrideParent="True" />
			<bool name="browsable_in_editor" value="True" overrideParent="True" />
			<enum name="subclass_type" value="MongolBuilding" overrideParent="True" />
		</template_reference>
		<template_reference name="exts" value="ebpextensions\site_ext" List.ItemID="740902838" List.ParentItemID="740902838">
			<bool name="snap_to_construction_grid" value="True" overrideParent="True" />
		</template_reference>
		<template_reference name="exts" value="ebpextensions\type_ext" List.ItemID="-1798353110" List.ParentItemID="-1798353110">
			<list name="unit_type_list" overrideParent="True">
				<enum name="unit_type" value="building" List.ItemID="1077386892" />
				<enum name="unit_type" value="research_building" List.ItemID="-518076015" />
				<enum name="unit_type" value="blacksmith" List.ItemID="400048952" />
				<enum name="unit_type" value="siegeable" List.ItemID="-1751481282" />
				<enum name="unit_type" value="packable_building" List.ItemID="-1990382434" />
				<enum name="unit_type" value="scar_blacksmith" List.ItemID="444242901" />
			</list>
			<list name="race_type_list" overrideParent="True">
				<instance_reference name="race_type" value="racebps\mongol" List.ItemID="-354821927" />
			</list>
		</template_reference>
		<template_reference name="exts" value="ebpextensions\construction_ext" List.ItemID="1970437960" List.ParentItemID="1970437960">
			<state_tree_node name="can_be_cancelled_state_tree_conditions" value="entity_construction_queries_mon\Can_Cancel_Construction" overrideParent="True" />
		</template_reference>
		<template_reference name="exts" value="ebpextensions\ui_ext" List.ItemID="-1946099574" List.ParentItemID="-1946099574">
			<file name="icon_name" value="races\common\buildings\blacksmith" overrideParent="True" />
			<file name="portrait_icon" value="" overrideParent="True" />
			<list name="ui_extra_infos" overrideParent="True">
				<template_reference name="ui_extra_info" value="info\ui_extra_info" List.ItemID="1474957288">
					<file name="icon" value="influence_buff" />
					<locstring name="description" value="11198257" />
					<template_reference name="description_formatter" value="">
					</template_reference>
				</template_reference>
			</list>
		</template_reference>
		<template_reference name="exts" value="ebpextensions\upgrade_ext" List.ItemID="-1768352645" List.ParentItemID="-1768352645">
			<list name="standard_upgrades" overrideParent="True">
				<instance_reference name="upgrade" value="upgrade\races\common\research\upgrade_melee_damage_i" overrideParent="True" List.ItemID="-1700182350" />
				<instance_reference name="upgrade" value="upgrade\races\common\research\upgrade_melee_damage_ii" overrideParent="True" List.ItemID="721879790" />
				<instance_reference name="upgrade" value="upgrade\races\mongol\research\upgrade_melee_damage_iii_mon" overrideParent="True" List.ItemID="1197280062" />
				<instance_reference name="upgrade" value="upgrade\races\common\research\upgrade_melee_armor_i" overrideParent="True" List.ItemID="2068937228" />
				<instance_reference name="upgrade" value="upgrade\races\common\research\upgrade_melee_armor_ii" overrideParent="True" List.ItemID="-1319084611" />
				<instance_reference name="upgrade" value="upgrade\races\mongol\research\upgrade_melee_armor_iii_mon" overrideParent="True" List.ItemID="-639819313" />
				<instance_reference name="upgrade" value="upgrade\races\common\research\upgrade_siege_engineers" List.ItemID="1873032856" />
				<instance_reference name="upgrade" value="upgrade\races\common\research\economy\upgrade_tech_military_academy" overrideParent="True" List.ItemID="-236466374" />
				<instance_reference name="upgrade" value="upgrade\races\mongol\research\upgrade_manatarms_elite_army_tactics_mon" List.ItemID="1287629367" />
				<instance_reference name="upgrade" value="upgrade\races\mongol\research\economy\upgrade_tech_university_biology_mon" overrideParent="True" List.ItemID="-463280584" />
				<instance_reference name="upgrade" value="upgrade\races\mongol\research\upgrade_improved_siege_engineers_mon" List.ItemID="340448080" />
				<instance_reference name="upgrade" value="upgrade\races\mongol\research\economy\upgrade_tech_military_academy_improved_mon" List.ItemID="134827486" />
				<instance_reference name="upgrade" value="upgrade\races\mongol\research\economy\upgrade_tech_university_biology_improved_mon" List.ItemID="-2141490802" />
				<instance_reference name="upgrade" value="upgrade\races\mongol\research\upgrade_manatarms_elite_army_tactics_improved_mon" List.ItemID="107671773" />
				<instance_reference name="upgrade" value="upgrade\races\common\research\upgrade_ranged_armor_i" List.ItemID="1807181459" />
				<instance_reference name="upgrade" value="upgrade\races\common\research\upgrade_ranged_armor_ii" List.ItemID="1507607281" />
				<instance_reference name="upgrade" value="upgrade\races\mongol\research\upgrade_ranged_armor_iii_mon" List.ItemID="-2125727623" />
				<instance_reference name="upgrade" value="upgrade\races\common\research\upgrade_ranged_damage_i" List.ItemID="2097081304" />
				<instance_reference name="upgrade" value="upgrade\races\common\research\upgrade_ranged_damage_ii" List.ItemID="1910578163" />
				<instance_reference name="upgrade" value="upgrade\races\mongol\research\upgrade_ranged_damage_iii_mon" List.ItemID="-1866968813" />
				<instance_reference name="upgrade" value="upgrade\races\mongol\research\upgrade_siege_chemistry_mon" List.ItemID="2016817786" />
				<instance_reference name="upgrade" value="upgrade\races\mongol\research\upgrade_ranged_incendiary_mon" List.ItemID="320916524" />
			</list>
		</template_reference>
		<template_reference name="exts" value="ebpextensions\ability_ext" List.ItemID="-769801208" List.ParentItemID="-769801208">
			<list name="abilities" overrideParent="True">
				<instance_reference name="ability" value="abilities\timed_abilities\civ_core\core_building_scuttle" List.ItemID="-661947269" />
			</list>
		</template_reference>
		<template_reference name="exts" value="ebpextensions\action_tree_ext" List.ItemID="1509755434" List.ParentItemID="1509755434">
			<state_tree_node name="fallback_default_move_command_conditions" value="entity_construction_queries_mon\Can_Queue_Move_Commands" overrideParent="True" />
		</template_reference>
		<template_reference name="exts" value="ebpextensions\statemodel_ext" comment="Make sure the building and moving building are referencing the same schema, if they are using different schemas unpacking will break." List.ItemID="-2135547562" List.ParentItemID="-2135547562">
			<instance_reference name="schema" value="statemodel_schema\buildings\civilizations\mongols\tech_infantry_mon" overrideParent="True" />
		</template_reference>
		<template_reference name="exts" value="ebpextensions\audio_ext" List.ItemID="672783316" List.ParentItemID="672783316">
			<int name="music_importance" value="30" overrideParent="True" />
			<int name="combat_importance" value="-30" overrideParent="True" />
		</template_reference>
		<template_reference name="exts" value="ebpextensions\spawner_ext" List.ItemID="-1807398621" List.ListAction="Append">
			<bool name="must_be_in_supply" value="False" />
			<float name="reinforce_radius" value="0" />
			<list name="spawn_items">
			</list>
			<list name="bonus_xp_from_hold_list">
			</list>
			<list name="reinforce_requirements">
			</list>
			<bool name="spawn_to_hold_try_first" value="False" />
			<list name="queue_requirements">
			</list>
			<bool name="can_rally" value="True" />
			<template_reference name="animated_spawn_option" value="options\none">
			</template_reference>
			<int name="max_queue_size_override" value="-1" />
			<string name="queue_requirements_openingbranch" value="" />
			<string name="reinforce_requirements_openingbranch" value="" />
			<state_tree_node name="production_item_completed_openingbranch" value="" />
			<bool name="enforce_minimum_clearance_at_spawn_positions" value="True" />
			<bool name="enforce_minimum_clearance_if_entities_blocking" value="True" />
			<float name="enforce_minimum_clearance_at_spawn_positions_search_range" value="30" />
			<instance_reference name="rally_pass_type" value="pass_types\infantry" overrideParent="True" />
			<bool name="reset_production_progress_at_current_pop_cap" value="True" />
		</template_reference>
		<template_reference name="exts" value="ebpextensions\tier_ext" List.ItemID="23888563" List.ListAction="Append">
			<list name="tier_group_list" overrideParent="True">
				<list name="tier_group" overrideParent="True" List.ItemID="-1063201680">
					<group name="tier" List.ItemID="-571157328">
						<list name="tier_requirements">
						</list>
						<instance_reference name="attachments" value="attachments\attachment_lists\civilizations\mongol\buildings\tech_unit_infantry_mon\tier2_tech_unit_infantry_mon" />
						<template_reference name="statetree_tier_reached_actions" value="state_tree_reference_info">
							<state_tree_node name="ActionTree_OpeningBranch" value="" />
							<bool name="start_suspended" value="False" />
						</template_reference>
						<instance_reference name="statetree_tier_requirements_pbg" value="" />
						<instance_reference name="statetree_tier_pgb_upgrade_target_entity" value="" />
						<instance_reference name="statetree_tier_pgb_upgrade_target_squad" value="" />
						<string name="tier_attachment_action" value="" />
						<template_reference name="blueprint_conversion_parameters" value="blueprint_conversion_parameters">
							<bool name="reissue_commands" value="False" />
							<bool name="continue_state_trees" value="False" />
							<bool name="remove_from_pending_deaths" value="False" />
						</template_reference>
						<string name="inventory_category_to_refresh_on_tier_up" value="" />
					</group>
					<group name="tier" List.ItemID="-595429694">
						<list name="tier_requirements" overrideParent="True">
							<template_reference name="requirement" value="requirements\required_player_upgrade" List.ItemID="-24724306">
								<enum name="reason" value="usage" />
								<locstring name="ui_name" value="0" />
								<bool name="is_present" value="True" />
								<int name="max_completed" value="100" />
								<int name="min_completed" value="1" />
								<instance_reference name="upgrade_name" value="upgrade\dev\ages\castle_age" />
								<bool name="include_queued" value="False" />
								<group name="include_pbg_parenting">
									<bool name="include_child_pbgs" value="False" />
									<bool name="include_parent_pbgs" value="False" />
								</group>
								<bool name="include_completed" value="True" />
							</template_reference>
						</list>
						<instance_reference name="attachments" value="attachments\attachment_lists\civilizations\mongol\buildings\tech_unit_infantry_mon\tier3_tech_unit_infantry_mon" overrideParent="True" />
						<template_reference name="statetree_tier_reached_actions" value="state_tree_reference_info">
							<state_tree_node name="ActionTree_OpeningBranch" value="" />
							<bool name="start_suspended" value="False" />
						</template_reference>
						<instance_reference name="statetree_tier_requirements_pbg" value="upgrade\dev\ages\castle_age" overrideParent="True" />
						<instance_reference name="statetree_tier_pgb_upgrade_target_entity" value="" />
						<instance_reference name="statetree_tier_pgb_upgrade_target_squad" value="" />
						<string name="tier_attachment_action" value="act_set_current_age_castle" overrideParent="True" />
						<template_reference name="blueprint_conversion_parameters" value="blueprint_conversion_parameters">
							<bool name="reissue_commands" value="False" />
							<bool name="continue_state_trees" value="False" />
							<bool name="remove_from_pending_deaths" value="False" />
						</template_reference>
						<string name="inventory_category_to_refresh_on_tier_up" value="" />
					</group>
				</list>
				<list name="tier_group" overrideParent="True" List.ItemID="-2031277139">
					<group name="tier" List.ItemID="-1630605077">
						<list name="tier_requirements">
						</list>
						<instance_reference name="attachments" value="attachments\attachment_lists\civilizations\mongol\outskirts\military\mon_military_01" overrideParent="True" />
						<template_reference name="statetree_tier_reached_actions" value="state_tree_reference_info">
							<state_tree_node name="ActionTree_OpeningBranch" value="" />
							<bool name="start_suspended" value="False" />
						</template_reference>
						<instance_reference name="statetree_tier_requirements_pbg" value="" />
						<instance_reference name="statetree_tier_pgb_upgrade_target_entity" value="" />
						<instance_reference name="statetree_tier_pgb_upgrade_target_squad" value="" />
						<string name="tier_attachment_action" value="" />
						<template_reference name="blueprint_conversion_parameters" value="blueprint_conversion_parameters">
							<bool name="reissue_commands" value="False" />
							<bool name="continue_state_trees" value="False" />
							<bool name="remove_from_pending_deaths" value="False" />
						</template_reference>
						<string name="inventory_category_to_refresh_on_tier_up" value="" />
					</group>
				</list>
			</list>
		</template_reference>
		<template_reference name="exts" value="ebpextensions\district_generator_ext" overrideParent="True" List.ItemID="-1975189586" List.ListAction="Append">
			<float name="range_metres" value="0" overrideParent="True" />
			<int name="generator_value" value="0" overrideParent="True" />
			<bool name="disable_generation_on_spawn" value="False" />
			<bool name="is_root_generator" value="False" />
			<int name="district_palette_id" value="0" overrideParent="True" />
		</template_reference>
		<template_reference name="exts" value="ebpextensions\district_bonuses_ext" overrideParent="True" List.ItemID="-380349345" List.ListAction="Append">
			<bool name="update_on_upgrade_changed" value="False" />
			<bool name="update_on_construction_complete" value="True" />
			<list name="district_bonuses" overrideParent="True">
				<template_reference name="district_bonus" value="district_bonus" comment="Ovoo district bonus.&#xD;&#xA;&#xD;&#xA;Production buildings can produce double units at the cost of stone.&#xD;&#xA;&#xD;&#xA;Upgrade bonus at the cost of stone.&#xD;&#xA;" List.ItemID="-1543859244">
					<template_reference name="requirement" value="options\ebpextensions\districtbonusesext\requirements\district_bonus_entity_requirement">
						<list name="dynamic_requirements">
						</list>
						<list name="satisfying_entity_groups" overrideParent="True">
							<group name="satisfying_entity_group" List.ItemID="-1020820893">
								<list name="satisfying_entities" overrideParent="True">
									<instance_reference name="entity" value="ebps\races\mongol\buildings\building_stone_deposit_ovoo_mon" List.ItemID="-636631090" />
									<instance_reference name="entity" value="ebps\races\mongol\buildings\building_wonder_age3_stupa_mon" List.ItemID="-1278062539" />
								</list>
							</group>
						</list>
					</template_reference>
					<uniqueid name="id" value="1073741827" />
					<template_reference name="action_tree" value="state_tree_reference_info">
						<state_tree_node name="ActionTree_OpeningBranch" value="district_ovoo\root" overrideParent="True" />
						<bool name="start_suspended" value="False" />
					</template_reference>
				</template_reference>
				<template_reference name="district_bonus" value="district_bonus" comment="Stupa specialization bonus (Monasteries grant the Ovoo bonus).&#xD;&#xA;&#xD;&#xA;Production buildings can produce double units at the cost of stone.&#xD;&#xA;&#xD;&#xA;Upgrade bonus at the cost of stone.&#xD;&#xA;" overrideParent="True" List.ItemID="1282169137">
					<template_reference name="requirement" value="options\ebpextensions\districtbonusesext\requirements\district_bonus_entity_requirement">
						<list name="dynamic_requirements" overrideParent="True">
							<template_reference name="requirement" value="requirements\required_player_upgrade" List.ItemID="403309918">
								<enum name="reason" value="usage" />
								<locstring name="ui_name" value="0" />
								<bool name="is_present" value="True" />
								<int name="max_completed" value="100" />
								<int name="min_completed" value="1" />
								<instance_reference name="upgrade_name" value="upgrade\races\mongol\research\upgrade_religious_monastery_ovoo_mon" overrideParent="True" />
								<bool name="include_completed" value="True" />
								<bool name="include_queued" value="False" />
								<group name="include_pbg_parenting">
									<bool name="include_child_pbgs" value="False" />
									<bool name="include_parent_pbgs" value="False" />
								</group>
							</template_reference>
						</list>
						<list name="satisfying_entity_groups" overrideParent="True">
							<group name="satisfying_entity_group" List.ItemID="-389208992">
								<list name="satisfying_entities" overrideParent="True">
									<instance_reference name="entity" value="ebps\races\mongol\buildings\building_unit_religious_district_mon" overrideParent="True" List.ItemID="-1093956671" />
								</list>
							</group>
						</list>
					</template_reference>
					<uniqueid name="id" value="1073741828" />
					<template_reference name="action_tree" value="state_tree_reference_info">
						<state_tree_node name="ActionTree_OpeningBranch" value="district_ovoo\root" overrideParent="True" />
						<bool name="start_suspended" value="False" />
					</template_reference>
				</template_reference>
			</list>
		</template_reference>
	</list>
	<uniqueid name="pbgid" value="129991" />
	<instance_reference name="parent_pbg" value="ebps\races\core\buildings\building_tech_unit_infantry" />
</instance>