<instance version="4" description="Mongol house" template="ebps">
	<list name="extensions">
		<template_reference name="exts" value="ebpextensions\ui_ext" List.ItemID="-87256776" List.ParentItemID="-87256776">
			<file name="icon_name" value="races\mongols\buildings\ger" overrideParent="True" />
			<bool name="is_unique_to_race" value="True" overrideParent="True" />
			<list name="ui_extra_infos" overrideParent="True">
				<template_reference name="ui_extra_info" value="info\ui_extra_info" List.ItemID="-1966763677">
					<file name="icon" value="influence_buff" />
					<locstring name="description" value="11198257" />
					<template_reference name="description_formatter" value="">
					</template_reference>
				</template_reference>
			</list>
			<string name="telemetry_name" value="Ger" overrideParent="True" />
		</template_reference>
		<template_reference name="exts" value="ebpextensions\type_ext" overrideParent="True" List.ItemID="-1131493931" List.ParentItemID="-1131493931">
			<enum name="weapon_targeting" value="automatic" />
			<bool name="intersection_testing" value="False" />
			<list name="unit_type_list" overrideParent="True">
				<enum name="unit_type" value="building" List.ItemID="397226344" />
				<enum name="unit_type" value="house" List.ItemID="-1779755704" />
				<enum name="unit_type" value="resource_drop_off" List.ItemID="-186266525" />
				<enum name="unit_type" value="siegeable" List.ItemID="1168906912" />
				<enum name="unit_type" value="packable_building" List.ItemID="-574327984" />
				<enum name="unit_type" value="emits_herding_interest" List.ItemID="-1571581088" />
				<enum name="unit_type" value="ger" List.ItemID="1590367399" />
				<enum name="unit_type" value="scar_house" List.ItemID="-2099845771" />
				<enum name="unit_type" value="economy_building" List.ItemID="-1849786965" />
			</list>
			<list name="race_type_list" overrideParent="True">
				<instance_reference name="race_type" value="racebps\mongol" List.ItemID="-1218409693" />
			</list>
			<list name="attack_target_restriction_on_attacker">
			</list>
			<list name="attack_target_restriction_on_victim">
			</list>
			<enum_table name="weapon_category_targeting_filter">
				<bool name="1melee" value="False" overrideParent="True" />
				<bool name="2ranged" value="False" overrideParent="True" />
				<bool name="3siege" value="True" />
				<bool name="4charge" value="True" />
				<bool name="5brace" value="True" />
				<bool name="6auto_ability_cast" value="True" />
				<bool name="7single_cast_ability" value="True" />
				<bool name="8dummy" value="False" />
				<bool name="9idle" value="True" />
			</enum_table>
			<list name="unit_type_list_selection_keybind_only">
			</list>
			<list name="unit_type_list_ui_appear_as_only">
			</list>
		</template_reference>
		<template_reference name="exts" value="ebpextensions\entity_blueprint_ext" List.ItemID="-349572381" List.ParentItemID="-349572381">
			<instance_reference name="animator_attachments" value="attachments\attachment_lists\races\mongol\buildings\building_house_mongol" overrideParent="True" />
			<bool name="browsable_in_editor" value="True" overrideParent="True" />
			<enum name="subclass_type" value="MongolBuilding" overrideParent="True" />
		</template_reference>
		<template_reference name="exts" value="ebpextensions\health_ext" List.ItemID="-589959009" List.ParentItemID="-589959009">
			<bool name="can_repair" value="True" overrideParent="True" />
			<float name="death_seconds" value="-1" overrideParent="True" />
			<bool name="delete_when_dead" value="False" overrideParent="True" />
			<float name="hitpoints" value="1000" overrideParent="True" />
			<bool name="remove_from_pathfinding_on_death" value="False" overrideParent="True" />
		</template_reference>
		<template_reference name="exts" value="ebpextensions\cost_ext" List.ItemID="-307639384" List.ParentItemID="-307639384">
			<group name="time_cost">
				<enum_table name="cost">
					<float name="wood" value="100" overrideParent="True" />
				</enum_table>
				<float name="time_seconds" value="20" overrideParent="True" />
			</group>
		</template_reference>
		<template_reference name="exts" value="ebpextensions\construction_ext" List.ItemID="54229194" List.ParentItemID="54229194">
			<float name="orientation" value="0" overrideParent="True" />
			<group name="placement_requirements">
				<list name="placement_requirement_options">
					<template_reference name="placement_requirement_option" value="options\placement\requirements\placement_requirement_pass_types_option" List.ItemID="1382891795" List.ParentItemID="1382891795">
						<list name="forbidden_pass_types" overrideParent="True">
						</list>
					</template_reference>
				</list>
			</group>
			<group name="facing_quadrants">
				<group name="quadrants">
					<enum name="front" value="None" overrideParent="True" />
					<enum name="rear" value="None" overrideParent="True" />
					<enum name="left" value="None" overrideParent="True" />
					<enum name="right" value="None" overrideParent="True" />
				</group>
			</group>
			<bool name="facing_surface_normal" value="False" overrideParent="True" />
			<group name="on_construction_complete_state_tree_refs">
				<string name="while_construction_complete_entity_state_tree_ref" value="building_construction_complete\buildings\gristmill_construction_complete" comment="The Ger is using the gristmill construction complete so that is sends out the impulse to herd any neutral sheep nearby on construction." overrideParent="True" />
			</group>
			<state_tree_node name="can_be_cancelled_state_tree_conditions" value="entity_construction_queries_mon\Can_Cancel_Construction" overrideParent="True" />
			<bool name="construction_site_erase_inactive" value="False" overrideParent="True" />
		</template_reference>
		<template_reference name="exts" value="ebpextensions\interactive_object_ext" List.ItemID="1587650352" List.ParentItemID="1587650352">
			<list name="type_list" overrideParent="True">
				<group name="type" List.ItemID="-512336236">
					<enum name="interaction_type" value="resource_drop_off" />
					<int name="prefer_number" value="1" />
					<int name="max_number" value="1" />
					<enum name="interaction_target_type" value="entity" />
					<template_reference name="node_list_option" value="options\none">
					</template_reference>
					<bool name="block_pathing_when_interacted" value="False" />
				</group>
				<group name="type" List.ItemID="-1172037949">
					<enum name="interaction_type" value="resource_wait_to_drop_off" />
					<int name="prefer_number" value="-1" />
					<int name="max_number" value="-1" />
					<enum name="interaction_target_type" value="entity" />
					<template_reference name="node_list_option" value="options\ebpextensions\interactive\node_list_option">
						<list name="nodes">
							<group name="node" List.ItemID="1157739314">
								<enum name="interaction_node_type" value="marker" />
								<enum name="marker_type" value="interaction" />
								<string name="marker_name" value="mkr_waiting" />
							</group>
						</list>
					</template_reference>
					<bool name="block_pathing_when_interacted" value="False" />
				</group>
				<group name="type" List.ItemID="-1755279756">
					<enum name="interaction_type" value="repair" />
					<int name="prefer_number" value="-1" />
					<int name="max_number" value="-1" />
					<enum name="interaction_target_type" value="entity" />
					<template_reference name="node_list_option" value="options\none">
					</template_reference>
					<bool name="block_pathing_when_interacted" value="False" />
				</group>
				<group name="type" List.ItemID="675805849">
					<enum name="interaction_type" value="construct" />
					<int name="prefer_number" value="-1" />
					<int name="max_number" value="-1" />
					<enum name="interaction_target_type" value="entity" />
					<template_reference name="node_list_option" value="options\none">
					</template_reference>
					<bool name="block_pathing_when_interacted" value="False" />
				</group>
				<group name="type" List.ItemID="-250218022">
					<enum name="interaction_type" value="resource_go_to_wait" />
					<int name="prefer_number" value="-1" />
					<int name="max_number" value="-1" />
					<enum name="interaction_target_type" value="entity" />
					<template_reference name="node_list_option" value="options\none">
					</template_reference>
					<bool name="block_pathing_when_interacted" value="False" />
				</group>
				<group name="type" List.ItemID="-1264925898">
					<enum name="interaction_type" value="food_generation" />
					<int name="prefer_number" value="3" />
					<int name="max_number" value="3" />
					<enum name="interaction_target_type" value="entity" />
					<template_reference name="node_list_option" value="options\none">
					</template_reference>
					<bool name="block_pathing_when_interacted" value="False" />
				</group>
			</list>
		</template_reference>
		<template_reference name="exts" value="ebpextensions\hit_object_ext" List.ItemID="1568454312" List.ParentItemID="1568454312">
			<instance_reference name="hit_material" value="hit_material\leather" overrideParent="True" />
		</template_reference>
		<template_reference name="exts" value="ebpextensions\site_ext" List.ItemID="183393405" List.ParentItemID="183393405">
			<bool name="snap_to_construction_grid" value="True" overrideParent="True" />
		</template_reference>
		<template_reference name="exts" value="ebpextensions\ability_ext" List.ItemID="-290320659" List.ParentItemID="-290320659">
			<list name="abilities" overrideParent="True">
				<instance_reference name="ability" value="abilities\timed_abilities\civ_core\core_building_scuttle" List.ItemID="-855105465" />
			</list>
		</template_reference>
		<template_reference name="exts" value="ebpextensions\action_tree_ext" List.ItemID="210689407" List.ParentItemID="210689407">
			<state_tree_node name="fallback_default_move_command_conditions" value="entity_construction_queries_mon\Can_Queue_Move_Commands" overrideParent="True" />
		</template_reference>
		<template_reference name="exts" value="ebpextensions\statemodel_ext" comment="Make sure the building and moving building are referencing the same schema, if they are using different schemas unpacking will break." List.ItemID="356598772" List.ParentItemID="356598772">
			<instance_reference name="schema" value="statemodel_schema\buildings\civilizations\mongols\house_mon" overrideParent="True" />
		</template_reference>
		<template_reference name="exts" value="ebpextensions\audio_ext" List.ItemID="97761903" List.ParentItemID="97761903">
			<int name="music_importance" value="15" overrideParent="True" />
			<int name="combat_importance" value="-15" overrideParent="True" />
		</template_reference>
		<template_reference name="exts" value="ebpextensions\upgrade_ext" overrideParent="True" List.ItemID="-505557511" List.ParentItemID="-505557511">
			<bool name="must_be_in_supply" value="False" />
			<float name="number_of_standard_slots" value="-1" />
			<list name="standard_upgrades" overrideParent="True">
				<instance_reference name="upgrade" value="upgrade\races\common\research\economy\upgrade_econ_resource_food_harvest_rate_2" List.ItemID="664741452" />
				<instance_reference name="upgrade" value="upgrade\races\mongol\research\economy\upgrade_econ_resource_food_harvest_rate_2_improved_mon" List.ItemID="2075081072" />
				<instance_reference name="upgrade" value="upgrade\races\common\research\economy\upgrade_econ_resource_food_harvest_rate_3" List.ItemID="559366146" />
				<instance_reference name="upgrade" value="upgrade\races\mongol\research\economy\upgrade_econ_resource_food_harvest_rate_3_improved_mon" List.ItemID="-358349250" />
				<instance_reference name="upgrade" value="upgrade\races\common\research\economy\upgrade_econ_resource_food_harvest_rate_4" overrideParent="True" List.ItemID="-133791885" />
				<instance_reference name="upgrade" value="upgrade\races\mongol\research\economy\upgrade_econ_resource_food_harvest_rate_4_improved_mon" List.ItemID="867938211" />
				<instance_reference name="upgrade" value="upgrade\races\common\research\economy\upgrade_econ_resource_wood_harvest_rate_2" List.ItemID="-671773188" />
				<instance_reference name="upgrade" value="upgrade\races\mongol\research\economy\upgrade_econ_resource_wood_harvest_rate_2_improved_mon" List.ItemID="-1681831359" />
				<instance_reference name="upgrade" value="upgrade\races\common\research\economy\upgrade_econ_resource_wood_harvest_rate_3" List.ItemID="700350843" />
				<instance_reference name="upgrade" value="upgrade\races\mongol\research\economy\upgrade_econ_resource_wood_harvest_rate_3_improved_mon" List.ItemID="-924392254" />
				<instance_reference name="upgrade" value="upgrade\races\common\research\economy\upgrade_econ_resource_wood_harvest_rate_4" overrideParent="True" List.ItemID="-567438591" />
				<instance_reference name="upgrade" value="upgrade\races\mongol\research\economy\upgrade_econ_resource_wood_harvest_rate_4_improved_mon" List.ItemID="-92216337" />
				<instance_reference name="upgrade" value="upgrade\races\mongol\research\economy\upgrade_econ_resource_gold_harvest_rate_2_improved_mon" List.ItemID="1840716774" />
				<instance_reference name="upgrade" value="upgrade\races\mongol\research\economy\upgrade_econ_resource_gold_harvest_rate_3_improved_mon" List.ItemID="352532838" />
				<instance_reference name="upgrade" value="upgrade\races\mongol\research\economy\upgrade_econ_resource_gold_harvest_rate_4_improved_mon" List.ItemID="-60900486" />
				<instance_reference name="upgrade" value="upgrade\races\mongol\research\economy\upgrade_econ_resource_wood_fell_rate_1_mon" overrideParent="True" List.ItemID="-268619402" />
				<instance_reference name="upgrade" value="upgrade\races\mongol\research\economy\upgrade_econ_resource_wood_fell_rate_1_improved_mon" List.ItemID="-924316205" />
				<instance_reference name="upgrade" value="upgrade\races\mongol\research\upgrade_scout_forester_mon" overrideParent="True" List.ItemID="1665143906" />
				<instance_reference name="upgrade" value="upgrade\races\mongol\research\upgrade_scout_forester_improved_mon" List.ItemID="1547360159" />
				<instance_reference name="upgrade" value="upgrade\races\mongol\research\unit\upgrade_unit_town_center_wheelbarrow_1_mon" overrideParent="True" List.ItemID="-971541928" />
				<instance_reference name="upgrade" value="upgrade\races\mongol\research\unit\upgrade_unit_wheelbarrow_1_improved_mon" List.ItemID="-406590385" />
				<instance_reference name="upgrade" value="upgrade\races\mongol\research\economy\upgrade_econ_villager_hunting_gear_1_mon" overrideParent="True" List.ItemID="1222130834" />
				<instance_reference name="upgrade" value="upgrade\races\mongol\research\economy\upgrade_econ_villager_hunting_gear_1_improved_mon" List.ItemID="709940774" />
				<instance_reference name="upgrade" value="upgrade\races\mongol\research\economy\upgrade_econ_resource_gold_harvest_rate_2_mon" List.ItemID="1889817872" />
				<instance_reference name="upgrade" value="upgrade\races\mongol\research\economy\upgrade_econ_resource_gold_harvest_rate_3_mon" List.ItemID="-762212451" />
				<instance_reference name="upgrade" value="upgrade\races\mongol\research\economy\upgrade_econ_resource_gold_harvest_rate_4_mon" List.ItemID="-769553546" />
			</list>
			<int name="max_queue_size_override" value="-1" />
			<state_tree_node name="production_item_completed_openingbranch" value="" />
		</template_reference>
		<template_reference name="exts" value="ebpextensions\spawner_ext" List.ItemID="-1905056606" List.ListAction="Append">
			<bool name="must_be_in_supply" value="False" />
			<float name="reinforce_radius" value="0" />
			<list name="spawn_items">
			</list>
			<list name="bonus_xp_from_hold_list">
			</list>
			<list name="reinforce_requirements">
			</list>
			<bool name="spawn_to_hold_try_first" value="False" />
			<list name="queue_requirements">
			</list>
			<bool name="can_rally" value="True" />
			<template_reference name="animated_spawn_option" value="options\none">
			</template_reference>
			<int name="max_queue_size_override" value="-1" />
			<string name="queue_requirements_openingbranch" value="" />
			<string name="reinforce_requirements_openingbranch" value="" />
			<state_tree_node name="production_item_completed_openingbranch" value="" />
			<bool name="enforce_minimum_clearance_at_spawn_positions" value="True" />
			<bool name="enforce_minimum_clearance_if_entities_blocking" value="True" />
			<float name="enforce_minimum_clearance_at_spawn_positions_search_range" value="30" />
			<instance_reference name="rally_pass_type" value="pass_types\infantry" overrideParent="True" />
			<bool name="reset_production_progress_at_current_pop_cap" value="True" />
		</template_reference>
		<template_reference name="exts" value="ebpextensions\resource_drop_off_ext" List.ItemID="63718869" List.ListAction="Append">
			<enum_table name="accepted_resources">
				<bool name="action" value="False" />
				<bool name="command" value="False" />
				<bool name="popcap" value="False" />
				<bool name="food" value="True" />
				<bool name="wood" value="True" />
				<bool name="stone" value="False" overrideParent="True" />
				<bool name="gold" value="True" />
				<bool name="militia_hre" value="False" />
			</enum_table>
			<enum_table name="drop_off_time_seconds">
				<float name="action" value="1" />
				<float name="command" value="1" />
				<float name="popcap" value="1" />
				<float name="food" value="0" />
				<float name="wood" value="0" />
				<float name="stone" value="0" />
				<float name="gold" value="0" />
				<float name="militia_hre" value="1" />
			</enum_table>
			<bool name="allow_any_resource_after_construct" value="True" />
		</template_reference>
		<template_reference name="exts" value="ebpextensions\stimulus_emission_ext" List.ItemID="790998400" List.ListAction="Append">
			<list name="emittable_stimulus_types" comment="Tuned here: building_construction_complete\Master\emit_sheep_herd_stimulus\emit_sheep_herd_stimulus&#xD;&#xA;&#xD;&#xA;d:\projects\cardinal\assets\cardinal\statetrees\simulation\ebps\building_construction_complete.rdo">
				<enum name="stimulus_type" value="herding_interest" List.ItemID="-1742953157" />
			</list>
		</template_reference>
		<template_reference name="exts" value="ebpextensions\tier_ext" List.ItemID="854737059" List.ListAction="Append">
			<list name="tier_group_list" overrideParent="True">
				<list name="tier_group" overrideParent="True" List.ItemID="180815420">
					<group name="tier" List.ItemID="-1916479976">
						<list name="tier_requirements">
						</list>
						<instance_reference name="attachments" value="attachments\attachment_lists\civilizations\mongol\buildings\house_mon\tier1_house_mon" />
						<template_reference name="statetree_tier_reached_actions" value="state_tree_reference_info">
							<state_tree_node name="ActionTree_OpeningBranch" value="" />
							<bool name="start_suspended" value="False" />
						</template_reference>
						<instance_reference name="statetree_tier_requirements_pbg" value="" />
						<instance_reference name="statetree_tier_pgb_upgrade_target_entity" value="" />
						<instance_reference name="statetree_tier_pgb_upgrade_target_squad" value="" />
						<string name="tier_attachment_action" value="" />
						<template_reference name="blueprint_conversion_parameters" value="blueprint_conversion_parameters">
							<bool name="reissue_commands" value="False" />
							<bool name="continue_state_trees" value="False" />
							<bool name="remove_from_pending_deaths" value="False" />
						</template_reference>
						<string name="inventory_category_to_refresh_on_tier_up" value="" />
					</group>
					<group name="tier" List.ItemID="-527250000">
						<list name="tier_requirements" overrideParent="True">
							<template_reference name="requirement" value="requirements\required_player_upgrade" List.ItemID="1775480708">
								<enum name="reason" value="usage" />
								<locstring name="ui_name" value="0" />
								<bool name="is_present" value="True" />
								<int name="max_completed" value="100" />
								<int name="min_completed" value="1" />
								<instance_reference name="upgrade_name" value="upgrade\dev\ages\feudal_age" />
								<bool name="include_queued" value="False" />
								<group name="include_pbg_parenting">
									<bool name="include_child_pbgs" value="False" />
									<bool name="include_parent_pbgs" value="False" />
								</group>
								<bool name="include_completed" value="True" />
							</template_reference>
						</list>
						<instance_reference name="attachments" value="attachments\attachment_lists\civilizations\mongol\buildings\house_mon\tier2_house_mon" />
						<template_reference name="statetree_tier_reached_actions" value="state_tree_reference_info">
							<state_tree_node name="ActionTree_OpeningBranch" value="" />
							<bool name="start_suspended" value="False" />
						</template_reference>
						<instance_reference name="statetree_tier_requirements_pbg" value="upgrade\dev\ages\feudal_age" overrideParent="True" />
						<instance_reference name="statetree_tier_pgb_upgrade_target_entity" value="" />
						<instance_reference name="statetree_tier_pgb_upgrade_target_squad" value="" />
						<string name="tier_attachment_action" value="act_set_current_age_feudal" overrideParent="True" />
						<template_reference name="blueprint_conversion_parameters" value="blueprint_conversion_parameters">
							<bool name="reissue_commands" value="False" />
							<bool name="continue_state_trees" value="False" />
							<bool name="remove_from_pending_deaths" value="False" />
						</template_reference>
						<string name="inventory_category_to_refresh_on_tier_up" value="" />
					</group>
					<group name="tier" List.ItemID="-201726765">
						<list name="tier_requirements" overrideParent="True">
							<template_reference name="requirement" value="requirements\required_player_upgrade" List.ItemID="390221495">
								<enum name="reason" value="usage" />
								<locstring name="ui_name" value="0" />
								<bool name="is_present" value="True" />
								<int name="max_completed" value="100" />
								<int name="min_completed" value="1" />
								<instance_reference name="upgrade_name" value="upgrade\dev\ages\castle_age" />
								<bool name="include_queued" value="False" />
								<group name="include_pbg_parenting">
									<bool name="include_child_pbgs" value="False" />
									<bool name="include_parent_pbgs" value="False" />
								</group>
								<bool name="include_completed" value="True" />
							</template_reference>
						</list>
						<instance_reference name="attachments" value="attachments\attachment_lists\civilizations\mongol\buildings\house_mon\tier3_house_mon" />
						<template_reference name="statetree_tier_reached_actions" value="state_tree_reference_info">
							<state_tree_node name="ActionTree_OpeningBranch" value="" />
							<bool name="start_suspended" value="False" />
						</template_reference>
						<instance_reference name="statetree_tier_requirements_pbg" value="upgrade\dev\ages\castle_age" overrideParent="True" />
						<instance_reference name="statetree_tier_pgb_upgrade_target_entity" value="" />
						<instance_reference name="statetree_tier_pgb_upgrade_target_squad" value="" />
						<string name="tier_attachment_action" value="act_set_current_age_castle" overrideParent="True" />
						<template_reference name="blueprint_conversion_parameters" value="blueprint_conversion_parameters">
							<bool name="reissue_commands" value="False" />
							<bool name="continue_state_trees" value="False" />
							<bool name="remove_from_pending_deaths" value="False" />
						</template_reference>
						<string name="inventory_category_to_refresh_on_tier_up" value="" />
					</group>
				</list>
				<list name="tier_group" overrideParent="True" List.ItemID="-1528765462">
					<group name="tier" List.ItemID="251652955">
						<list name="tier_requirements">
						</list>
						<instance_reference name="attachments" value="attachments\attachment_lists\civilizations\mongol\outskirts\houses\mon_house_01" overrideParent="True" />
						<template_reference name="statetree_tier_reached_actions" value="state_tree_reference_info">
							<state_tree_node name="ActionTree_OpeningBranch" value="" />
							<bool name="start_suspended" value="False" />
						</template_reference>
						<instance_reference name="statetree_tier_requirements_pbg" value="" />
						<instance_reference name="statetree_tier_pgb_upgrade_target_entity" value="" />
						<instance_reference name="statetree_tier_pgb_upgrade_target_squad" value="" />
						<string name="tier_attachment_action" value="" />
						<template_reference name="blueprint_conversion_parameters" value="blueprint_conversion_parameters">
							<bool name="reissue_commands" value="False" />
							<bool name="continue_state_trees" value="False" />
							<bool name="remove_from_pending_deaths" value="False" />
						</template_reference>
						<string name="inventory_category_to_refresh_on_tier_up" value="" />
					</group>
				</list>
			</list>
		</template_reference>
		<template_reference name="exts" value="ebpextensions\district_generator_ext" overrideParent="True" List.ItemID="-1497949910" List.ListAction="Append">
			<float name="range_metres" value="0" overrideParent="True" />
			<int name="generator_value" value="0" overrideParent="True" />
			<bool name="disable_generation_on_spawn" value="False" />
			<bool name="is_root_generator" value="False" />
			<int name="district_palette_id" value="0" overrideParent="True" />
		</template_reference>
		<template_reference name="exts" value="ebpextensions\district_bonuses_ext" overrideParent="True" List.ItemID="722879024" List.ListAction="Append">
			<bool name="update_on_upgrade_changed" value="False" />
			<bool name="update_on_construction_complete" value="True" />
			<list name="district_bonuses" overrideParent="True">
				<template_reference name="district_bonus" value="district_bonus" comment="Ovoo district bonus.&#xD;&#xA;&#xD;&#xA;Production buildings can produce double units at the cost of stone.&#xD;&#xA;&#xD;&#xA;Upgrade bonus at the cost of stone.&#xD;&#xA;" List.ItemID="1614315711">
					<template_reference name="requirement" value="options\ebpextensions\districtbonusesext\requirements\district_bonus_entity_requirement">
						<list name="dynamic_requirements">
						</list>
						<list name="satisfying_entity_groups" overrideParent="True">
							<group name="satisfying_entity_group" List.ItemID="-1947499103">
								<list name="satisfying_entities" overrideParent="True">
									<instance_reference name="entity" value="ebps\races\mongol\buildings\building_stone_deposit_ovoo_mon" List.ItemID="586569747" />
									<instance_reference name="entity" value="ebps\races\mongol\buildings\building_wonder_age3_stupa_mon" List.ItemID="-1784088308" />
								</list>
							</group>
						</list>
					</template_reference>
					<uniqueid name="id" value="1073741825" />
					<template_reference name="action_tree" value="state_tree_reference_info">
						<state_tree_node name="ActionTree_OpeningBranch" value="district_ovoo\root" overrideParent="True" />
						<bool name="start_suspended" value="False" />
					</template_reference>
				</template_reference>
				<template_reference name="district_bonus" value="district_bonus" comment="Stupa specialization bonus (Monasteries grant the Ovoo bonus).&#xD;&#xA;&#xD;&#xA;Production buildings can produce double units at the cost of stone.&#xD;&#xA;&#xD;&#xA;Upgrade bonus at the cost of stone.&#xD;&#xA;" overrideParent="True" List.ItemID="-257348663">
					<template_reference name="requirement" value="options\ebpextensions\districtbonusesext\requirements\district_bonus_entity_requirement">
						<list name="dynamic_requirements" overrideParent="True">
							<template_reference name="requirement" value="requirements\required_player_upgrade" List.ItemID="1487466847">
								<enum name="reason" value="usage" />
								<locstring name="ui_name" value="0" />
								<bool name="is_present" value="True" />
								<int name="max_completed" value="100" />
								<int name="min_completed" value="1" />
								<instance_reference name="upgrade_name" value="upgrade\races\mongol\research\upgrade_religious_monastery_ovoo_mon" overrideParent="True" />
								<bool name="include_completed" value="True" />
								<bool name="include_queued" value="False" />
								<group name="include_pbg_parenting">
									<bool name="include_child_pbgs" value="False" />
									<bool name="include_parent_pbgs" value="False" />
								</group>
							</template_reference>
						</list>
						<list name="satisfying_entity_groups" overrideParent="True">
							<group name="satisfying_entity_group" List.ItemID="-470716358">
								<list name="satisfying_entities" overrideParent="True">
									<instance_reference name="entity" value="ebps\races\mongol\buildings\building_unit_religious_district_mon" overrideParent="True" List.ItemID="1534880753" />
								</list>
							</group>
						</list>
					</template_reference>
					<uniqueid name="id" value="1073741826" />
					<template_reference name="action_tree" value="state_tree_reference_info">
						<state_tree_node name="ActionTree_OpeningBranch" value="district_ovoo\root" overrideParent="True" />
						<bool name="start_suspended" value="False" />
					</template_reference>
				</template_reference>
			</list>
		</template_reference>
	</list>
	<uniqueid name="pbgid" value="129843" />
	<instance_reference name="parent_pbg" value="ebps\races\core\buildings\building_house" />
</instance>